[    0.000000] Linux version 6.6.114.1-microsoft-standard-WSL2 (root@507f3e43091d) (gcc (GCC) 13.2.0, GNU ld (GNU Binutils) 2.41) #1 SMP PREEMPT_DYNAMIC Mon Dec  1 20:46:23 UTC 2025
[    0.000000] Command line: console=ttyS0,115200n8 earlyprintk=serial,ttyS0,115200 rdinit=/init tsc=reliable clocksource=tsc hpet=off highres=off nohz=off 
[    0.000000] KERNEL supported cpus:
[    0.000000]   Intel GenuineIntel
[    0.000000]   AMD AuthenticAMD
[    0.000000] Intel Spectre v2 broken microcode detected; disabling Speculation Control
[    0.000000] Disabled fast string operations
[    0.000000] BIOS-provided physical RAM map:
[    0.000000] BIOS-e820: [mem 0x0000000000000000-0x000000000009efff] usable
[    0.000000] BIOS-e820: [mem 0x000000000009f000-0x00000000000fffff] reserved
[    0.000000] BIOS-e820: [mem 0x0000000000100000-0x000000001fffffff] usable
[    0.000000] printk: bootconsole [earlyser0] enabled
[    0.000000] NX (Execute Disable) protection: active
[    0.000000] APIC: Static calls initialized
[    0.000000] DMI not present or invalid.
[    0.000000] last_pfn = 0x20000 max_arch_pfn = 0x400000000
[    0.000000] MTRRs disabled by BIOS
[    0.000000] x86/PAT: Configuration [0-7]: WB  WC  UC- UC  WB  WP  UC- WT  
Memory KASLR using RDRAND RDTSC...
[    0.000000] Using GB pages for direct mapping
[    0.000000] RAMDISK: [mem 0x1fee0000-0x1fffffff]
[    0.000000] ACPI: Early table checksum verification disabled
[    0.000000] ACPI: RSDP 0x00000000000F0000 000024 (v02 LEMU  )
[    0.000000] ACPI: XSDT 0x00000000000F1000 000034 (v01 LEMU   LEMUVM01 00000001 LEMU 00000001)
[    0.000000] ACPI: FACP 0x00000000000F2000 000114 (v05 LEMU   LEMUVM01 00000001 LEMU 00000001)
[    0.000000] ACPI: DSDT 0x00000000000F4000 000074 (v02 LEMU   LEMUVIRT 00000001 INTL 20230628)
[    0.000000] ACPI: DSDT 0x00000000000F4000 000074 (v02 LEMU   LEMUVIRT 00000001 INTL 20230628)
[    0.000000] ACPI: Reserving FACP table memory at [mem 0xf2000-0xf2113]
[    0.000000] ACPI: Reserving DSDT table memory at [mem 0xf4000-0xf4073]
[    0.000000] ACPI: Reserving DSDT table memory at [mem 0xf4000-0xf4073]
[    0.000000] No NUMA configuration found
[    0.000000] Faking a node at [mem 0x0000000000000000-0x000000001fffffff]
[    0.000000] NODE_DATA(0) allocated [mem 0x1febe000-0x1fedffff]
[    0.000000] Zone ranges:
[    0.000000]   DMA32    [mem 0x0000000000001000-0x000000001fffffff]
[    0.000000]   Normal   empty
[    0.000000]   Device   empty
[    0.000000] Movable zone start for each node
[    0.000000] Early memory node ranges
[    0.000000]   node   0: [mem 0x0000000000001000-0x000000000009efff]
[    0.000000]   node   0: [mem 0x0000000000100000-0x000000001fffffff]
[    0.000000] Initmem setup node 0 [mem 0x0000000000001000-0x000000001fffffff]
[    0.000000] On node 0, zone DMA32: 1 pages in unavailable ranges
[    0.000000] On node 0, zone DMA32: 97 pages in unavailable ranges
[    0.000000] smpboot: Allowing 1 CPUs, 0 hotplug CPUs
[    0.000000] PM: hibernation: Registered nosave memory: [mem 0x00000000-0x00000fff]
[    0.000000] PM: hibernation: Registered nosave memory: [mem 0x0009f000-0x000fffff]
[    0.000000] [mem 0x20000000-0xffffffff] available for PCI devices
[    0.000000] Booting paravirtualized kernel on bare hardware
[    0.000000] clocksource: refined-jiffies: mask: 0xffffffff max_cycles: 0xffffffff, max_idle_ns: 7645519600211568 ns
[    0.000000] setup_percpu: NR_CPUS:8192 nr_cpumask_bits:1 nr_cpu_ids:1 nr_node_ids:1
[    0.000000] percpu: Embedded 63 pages/cpu s221184 r8192 d28672 u2097152
[    0.000000] Kernel command line: console=ttyS0,115200n8 earlyprintk=serial,ttyS0,115200 rdinit=/init tsc=reliable clocksource=tsc hpet=off highres=off nohz=off 
[    0.000000] random: crng init done
[    0.000000] Dentry cache hash table entries: 65536 (order: 7, 524288 bytes, linear)
[    0.000000] Inode-cache hash table entries: 32768 (order: 6, 262144 bytes, linear)
[    0.000000] Fallback order for Node 0: 0 
[    0.000000] Built 1 zonelists, mobility grouping on.  Total pages: 128768
[    0.000000] Policy zone: DMA32
[    0.000000] mem auto-init: stack:off, heap alloc:on, heap free:off
[    0.000000] Memory: 260860K/523896K available (20480K kernel code, 3451K rwdata, 13596K rodata, 4480K init, 6224K bss, 60380K reserved, 0K cma-reserved)
[    0.000000] SLUB: HWalign=64, Order=0-3, MinObjects=0, CPUs=1, Nodes=1
[    0.000000] Kernel/User page tables isolation: enabled
Poking KASLR using RDRAND RDTSC...
[    0.000000] ftrace: allocating 55788 entries in 218 pages
[    0.000000] ftrace: allocated 218 pages with 5 groups
[    0.000000] Dynamic Preempt: none
[    0.000000] rcu: Preemptible hierarchical RCU implementation.
[    0.000000] rcu: 	RCU restricting CPUs from NR_CPUS=8192 to nr_cpu_ids=1.
[    0.000000] 	Trampoline variant of Tasks RCU enabled.
[    0.000000] 	Rude variant of Tasks RCU enabled.
[    0.000000] 	Tracing variant of Tasks RCU enabled.
[    0.000000] rcu: RCU calculated value of scheduler-enlistment delay is 25 jiffies.
[    0.000000] rcu: Adjusting geometry for rcu_fanout_leaf=16, nr_cpu_ids=1
[    0.000000] NR_IRQS: 524544, nr_irqs: 16, preallocated irqs: 0
[    0.000000] rcu: srcu_init: Setting srcu_struct sizes based on contention.
[    0.000000] divide error: 0000 [#1] PREEMPT SMP PTI
[    0.000000] CPU: 0 PID: 0 Comm: swapper/0 Not tainted 6.6.114.1-microsoft-standard-WSL2 #1
[    0.000000] RIP: 0010:__x86_return_thunk+0x0/0x10
[    0.000000] Code: cc cc cc cc cc cc cc cc cc cc cc cc cc cc cc cc cc cc cc cc cc cc cc cc cc cc c3 cc 66 66 2e 0f 1f 84 00 00 00 00 00 0f 1f 00 <c3> cc cc cc cc cc cc cc cc cc cc cc cc cc cc cc e9 cb 2a f8 fe 0f
[    0.000000] RSP: 0000:ffffffffb2203ee0 EFLAGS: 00000246
[    0.000000] RAX: 0000000000000046 RBX: ffffffffb26b0020 RCX: 0000000000000020
[    0.000000] RDX: 0000000000000f80 RSI: ffff9d119feb8400 RDI: 0000000000000000
[    0.000000] RBP: ffffffffb2203f18 R08: 0000000000000001 R09: 0000000000000000
[    0.000000] R10: 0000000000000f80 R11: ffff9d119feb3b40 R12: 0000000000000000
[    0.000000] R13: 0000000000000000 R14: 0000000000000000 R15: 0000000000010000
[    0.000000] FS:  0000000000000000(0000) GS:ffff9d119f400000(0000) knlGS:0000000000000000
[    0.000000] CS:  0010 DS: 0000 ES: 0000 CR0: 0000000080050033
[    0.000000] CR2: ffff9d1193000000 CR3: 0000000012232001 CR4: 00000000000200b0
[    0.000000] Call Trace:
[    0.000000]  <TASK>
[    0.000000]  ? start_kernel+0x345/0x790
[    0.000000]  x86_64_start_reservations+0x25/0x40
[    0.000000]  x86_64_start_kernel+0x7f/0x80
[    0.000000]  secondary_startup_64_no_verify+0x17d/0x18b
[    0.000000]  </TASK>
[    0.000000] Modules linked in:
[    0.000000] ---[ end trace 0000000000000000 ]---
[    0.000000] RIP: 0010:__x86_return_thunk+0x0/0x10
[    0.000000] Code: cc cc cc cc cc cc cc cc cc cc cc cc cc cc cc cc cc cc cc cc cc cc cc cc cc cc c3 cc 66 66 2e 0f 1f 84 00 00 00 00 00 0f 1f 00 <c3> cc cc cc cc cc cc cc cc cc cc cc cc cc cc cc e9 cb 2a f8 fe 0f
[    0.000000] RSP: 0000:ffffffffb2203ee0 EFLAGS: 00000246
[    0.000000] RAX: 0000000000000046 RBX: ffffffffb26b0020 RCX: 0000000000000020
[    0.000000] RDX: 0000000000000f80 RSI: ffff9d119feb8400 RDI: 0000000000000000
[    0.000000] RBP: ffffffffb2203f18 R08: 0000000000000001 R09: 0000000000000000
[    0.000000] R10: 0000000000000f80 R11: ffff9d119feb3b40 R12: 0000000000000000
[    0.000000] R13: 0000000000000000 R14: 0000000000000000 R15: 0000000000010000
[    0.000000] FS:  0000000000000000(0000) GS:ffff9d119f400000(0000) knlGS:0000000000000000
[    0.000000] CS:  0010 DS: 0000 ES: 0000 CR0: 0000000080050033
[    0.000000] CR2: ffff9d1193000000 CR3: 0000000012232001 CR4: 00000000000200b0
[    0.000000] Kernel panic - not syncing: Fatal exception
[    0.000000] BUG: kernel NULL pointer dereference, address: 0000000000000000
[    0.000000] #PF: supervisor instruction fetch in kernel mode
[    0.000000] #PF: error_code(0x0010) - not-present page
[    0.000000] PGD 0 P4D 0 
[    0.000000] Oops: 0010 [#2] PREEMPT SMP PTI
[    0.000000] CPU: 0 PID: 0 Comm: swapper/0 Tainted: G      D            6.6.114.1-microsoft-standard-WSL2 #1
[    0.000000] RIP: 0010:0x0
[    0.000000] Code: Unable to access opcode bytes at 0xffffffffffffffd6.
[    0.000000] RSP: 0000:ffffffffb2203c38 EFLAGS: 00010046
[    0.000000] RAX: 0000000000000000 RBX: ffffffffb194fae1 RCX: 0000000000000000
[    0.000000] RDX: 0000000000000000 RSI: 0000000000000000 RDI: 0000000000000000
[    0.000000] RBP: ffffffffb2203c40 R08: 0000000000000000 R09: ffffffffb2203a90
[    0.000000] R10: 0000000000000003 R11: ffffffffb2353128 R12: 0000000000000000
[    0.000000] R13: 00000000fffffffe R14: 0000000000000001 R15: 0000000000000061
[    0.000000] FS:  0000000000000000(0000) GS:ffff9d119f400000(0000) knlGS:0000000000000000
[    0.000000] CS:  0010 DS: 0000 ES: 0000 CR0: 0000000080050033
[    0.000000] CR2: ffffffffffffffd6 CR3: 0000000012232001 CR4: 00000000000200b0
[    0.000000] Call Trace:
[    0.000000]  <TASK>
[    0.000000]  efi_reboot+0x3f/0x80
[    0.000000]  native_machine_emergency_restart+0x195/0x1e0
[    0.000000]  machine_emergency_restart+0x23/0x30
[    0.000000]  emergency_restart+0x26/0x30
[    0.000000]  panic+0x21f/0x330
[    0.000000]  oops_end+0xb2/0xf0
[    0.000000]  die+0x83/0x90
[    0.000000]  do_trap+0xc8/0xe0
[    0.000000]  do_error_trap+0x73/0xa0
[    0.000000]  ? its_return_thunk+0x10/0x10
[    0.000000]  exc_divide_error+0x3e/0x60
[    0.000000]  ? its_return_thunk+0x10/0x10
[    0.000000]  asm_exc_divide_error+0x1f/0x30
[    0.000000] RIP: 0010:__x86_return_thunk+0x0/0x10
[    0.000000] Code: cc cc cc cc cc cc cc cc cc cc cc cc cc cc cc cc cc cc cc cc cc cc cc cc cc cc c3 cc 66 66 2e 0f 1f 84 00 00 00 00 00 0f 1f 00 <c3> cc cc cc cc cc cc cc cc cc cc cc cc cc cc cc e9 cb 2a f8 fe 0f
[    0.000000] RSP: 0000:ffffffffb2203ee0 EFLAGS: 00000246
[    0.000000] RAX: 0000000000000046 RBX: ffffffffb26b0020 RCX: 0000000000000020
[    0.000000] RDX: 0000000000000f80 RSI: ffff9d119feb8400 RDI: 0000000000000000
[    0.000000] RBP: ffffffffb2203f18 R08: 0000000000000001 R09: 0000000000000000
[    0.000000] R10: 0000000000000f80 R11: ffff9d119feb3b40 R12: 0000000000000000
[    0.000000] R13: 0000000000000000 R14: 0000000000000000 R15: 0000000000010000
[    0.000000]  ? start_kernel+0x345/0x790
[    0.000000]  x86_64_start_reservations+0x25/0x40
[    0.000000]  x86_64_start_kernel+0x7f/0x80
[    0.000000]  secondary_startup_64_no_verify+0x17d/0x18b
[    0.000000]  </TASK>
[    0.000000] Modules linked in:
[    0.000000] CR2: 0000000000000000
[    0.000000] ---[ end trace 0000000000000000 ]---
[    0.000000] RIP: 0010:__x86_return_thunk+0x0/0x10
[    0.000000] Code: cc cc cc cc cc cc cc cc cc cc cc cc cc cc cc cc cc cc cc cc cc cc cc cc cc cc c3 cc 66 66 2e 0f 1f 84 00 00 00 00 00 0f 1f 00 <c3> cc cc cc cc cc cc cc cc cc cc cc cc cc cc cc e9 cb 2a f8 fe 0f
[    0.000000] RSP: 0000:ffffffffb2203ee0 EFLAGS: 00000246
[    0.000000] RAX: 0000000000000046 RBX: ffffffffb26b0020 RCX: 0000000000000020
[    0.000000] RDX: 0000000000000f80 RSI: ffff9d119feb8400 RDI: 0000000000000000
[    0.000000] RBP: ffffffffb2203f18 R08: 0000000000000001 R09: 0000000000000000
[    0.000000] R10: 0000000000000f80 R11: ffff9d119feb3b40 R12: 0000000000000000
[    0.000000] R13: 0000000000000000 R14: 0000000000000000 R15: 0000000000010000
[    0.000000] FS:  0000000000000000(0000) GS:ffff9d119f400000(0000) knlGS:0000000000000000
[    0.000000] CS:  0010 DS: 0000 ES: 0000 CR0: 0000000080050033
[    0.000000] CR2: ffffffffffffffd6 CR3: 0000000012232001 CR4: 00000000000200b0
[    0.000000] Kernel panic - not syncing: Fatal exception
[    0.000000] BUG: kernel NULL pointer dereference, address: 0000000000000000
[    0.000000] #PF: supervisor instruction fetch in kernel mode
[    0.000000] #PF: error_code(0x0010) - not-present page
[    0.000000] PGD 0 P4D 0 
[    0.000000] Oops: 0010 [#3] PREEMPT SMP PTI
[    0.000000] CPU: 0 PID: 0 Comm: swapper/0 Tainted: G      D            6.6.114.1-microsoft-standard-WSL2 #1
[    0.000000] RIP: 0010:0x0
[    0.000000] Code: Unable to access opcode bytes at 0xffffffffffffffd6.
[    0.000000] RSP: 0000:ffffffffb2203970 EFLAGS: 00010046
[    0.000000] RAX: 0000000000000000 RBX: ffffffffb194fae1 RCX: 0000000000000000
[    0.000000] RDX: 0000000000000000 RSI: 0000000000000000 RDI: 0000000000000000
[    0.000000] RBP: ffffffffb2203978 R08: 0000000000000000 R09: ffffffffb22037c8
[    0.000000] R10: 0000000000000003 R11: ffffffffb2353128 R12: 0000000000000000
[    0.000000] R13: 0000000000000000 R14: 0000000000000000 R15: 0000000000000065
[    0.000000] FS:  0000000000000000(0000) GS:ffff9d119f400000(0000) knlGS:0000000000000000
[    0.000000] CS:  0010 DS: 0000 ES: 0000 CR0: 0000000080050033
[    0.000000] CR2: ffffffffffffffd6 CR3: 0000000012232001 CR4: 00000000000200b0
[    0.000000] Call Trace:
[    0.000000]  <TASK>
[    0.000000]  efi_reboot+0x3f/0x80
[    0.000000]  native_machine_emergency_restart+0x195/0x1e0
[    0.000000]  machine_emergency_restart+0x23/0x30
[    0.000000]  emergency_restart+0x26/0x30
[    0.000000]  panic+0x21f/0x330
[    0.000000]  oops_end+0xb2/0xf0
[    0.000000]  page_fault_oops+0x187/0x460
[    0.000000]  do_user_addr_fault+0x2e3/0x610
[    0.000000]  exc_page_fault+0x76/0x160
[    0.000000]  asm_exc_page_fault+0x2b/0x30
[    0.000000] RIP: 0010:0x0
[    0.000000] Code: Unable to access opcode bytes at 0xffffffffffffffd6.
[    0.000000] RSP: 0000:ffffffffb2203c38 EFLAGS: 00010046
[    0.000000] RAX: 0000000000000000 RBX: ffffffffb194fae1 RCX: 0000000000000000
[    0.000000] RDX: 0000000000000000 RSI: 0000000000000000 RDI: 0000000000000000
[    0.000000] RBP: ffffffffb2203c40 R08: 0000000000000000 R09: ffffffffb2203a90
[    0.000000] R10: 0000000000000003 R11: ffffffffb2353128 R12: 0000000000000000
[    0.000000] R13: 00000000fffffffe R14: 0000000000000001 R15: 0000000000000061
[    0.000000]  ? efi_reboot+0x3f/0x80
[    0.000000]  ? native_machine_emergency_restart+0x195/0x1e0
[    0.000000]  ? machine_emergency_restart+0x23/0x30
[    0.000000]  ? emergency_restart+0x26/0x30
[    0.000000]  ? panic+0x21f/0x330
[    0.000000]  ? oops_end+0xb2/0xf0
[    0.000000]  ? die+0x83/0x90
[    0.000000]  ? do_trap+0xc8/0xe0
[    0.000000]  ? do_error_trap+0x73/0xa0
[    0.000000]  ? its_return_thunk+0x10/0x10
[    0.000000]  ? exc_divide_error+0x3e/0x60
[    0.000000]  ? its_return_thunk+0x10/0x10
[    0.000000]  ? asm_exc_divide_error+0x1f/0x30
[    0.000000]  ? its_return_thunk+0x10/0x10
[    0.000000]  ? start_kernel+0x345/0x790
[    0.000000]  ? x86_64_start_reservations+0x25/0x40
[    0.000000]  ? x86_64_start_kernel+0x7f/0x80
[    0.000000]  ? secondary_startup_64_no_verify+0x17d/0x18b
[    0.000000]  </TASK>
[    0.000000] Modules linked in:
[    0.000000] CR2: 0000000000000000
[    0.000000] ---[ end trace 0000000000000000 ]---
[    0.000000] RIP: 0010:__x86_return_thunk+0x0/0x10
[    0.000000] Code: cc cc cc cc cc cc cc cc cc cc cc cc cc cc cc cc cc cc cc cc cc cc cc cc cc cc c3 cc 66 66 2e 0f 1f 84 00 00 00 00 00 0f 1f 00 <c3> cc cc cc cc cc cc cc cc cc cc cc cc cc cc cc e9 cb 2a f8 fe 0f
[    0.000000] RSP: 0000:ffffffffb2203ee0 EFLAGS: 00000246
[    0.000000] RAX: 0000000000000046 RBX: ffffffffb26b0020 RCX: 0000000000000020
[    0.000000] RDX: 0000000000000f80 RSI: ffff9d119feb8400 RDI: 0000000000000000
[    0.000000] RBP: ffffffffb2203f18 R08: 0000000000000001 R09: 0000000000000000
[    0.000000] R10: 0000000000000f80 R11: ffff9d119feb3b40 R12: 0000000000000000
[    0.000000] R13: 0000000000000000 R14: 0000000000000000 R15: 0000000000010000
[    0.000000] FS:  0000000000000000(0000) GS:ffff9d119f400000(0000) knlGS:0000000000000000
[    0.000000] CS:  0010 DS: 0000 ES: 0000 CR0: 0000000080050033
[    0.000000] CR2: ffffffffffffffd6 CR3: 0000000012232001 CR4: 00000000000200b0
[    0.000000] Kernel panic - not syncing: Fatal exception
[    0.000000] BUG: kernel NULL pointer dereference, address: 0000000000000000
[    0.000000] #PF: supervisor instruction fetch in kernel mode
[    0.000000] #PF: error_code(0x0010) - not-present page
[    0.000000] PGD 0 P4D 0 
[    0.000000] Oops: 0010 [#4] PREEMPT SMP PTI
[    0.000000] CPU: 0 PID: 0 Comm: swapper/0 Tainted: G      D            6.6.114.1-microsoft-standard-WSL2 #1
[    0.000000] RIP: 0010:0x0
[    0.000000] Code: Unable to access opcode bytes at 0xffffffffffffffd6.
[    0.000000] RSP: 0000:ffffffffb22036b0 EFLAGS: 00010046
[    0.000000] RAX: 0000000000000000 RBX: ffffffffb194fae1 RCX: 0000000000000000
[    0.000000] RDX: 0000000000000000 RSI: 0000000000000000 RDI: 0000000000000000
[    0.000000] RBP: ffffffffb22036b8 R08: 0000000000000000 R09: ffffffffb2203508
[    0.000000] R10: 0000000000000003 R11: ffffffffb2353128 R12: 0000000000000000
[    0.000000] R13: 0000000000000000 R14: 0000000000000000 R15: 0000000000000065
[    0.000000] FS:  0000000000000000(0000) GS:ffff9d119f400000(0000) knlGS:0000000000000000
[    0.000000] CS:  0010 DS: 0000 ES: 0000 CR0: 0000000080050033
[    0.000000] CR2: ffffffffffffffd6 CR3: 0000000012232001 CR4: 00000000000200b0
[    0.000000] Call Trace:
[    0.000000]  <TASK>
[    0.000000]  efi_reboot+0x3f/0x80
[    0.000000]  native_machine_emergency_restart+0x195/0x1e0
[    0.000000]  machine_emergency_restart+0x23/0x30
[    0.000000]  emergency_restart+0x26/0x30
[    0.000000]  panic+0x21f/0x330
[    0.000000]  oops_end+0xb2/0xf0
[    0.000000]  page_fault_oops+0x187/0x460
[    0.000000]  do_user_addr_fault+0x2e3/0x610
[    0.000000]  exc_page_fault+0x76/0x160
[    0.000000]  asm_exc_page_fault+0x2b/0x30
[    0.000000] RIP: 0010:0x0
[    0.000000] Code: Unable to access opcode bytes at 0xffffffffffffffd6.
[    0.000000] RSP: 0000:ffffffffb2203970 EFLAGS: 00010046
[    0.000000] RAX: 0000000000000000 RBX: ffffffffb194fae1 RCX: 0000000000000000
[    0.000000] RDX: 0000000000000000 RSI: 0000000000000000 RDI: 0000000000000000
[    0.000000] RBP: ffffffffb2203978 R08: 0000000000000000 R09: ffffffffb22037c8
[    0.000000] R10: 0000000000000003 R11: ffffffffb2353128 R12: 0000000000000000
[    0.000000] R13: 0000000000000000 R14: 0000000000000000 R15: 0000000000000065
[    0.000000]  ? efi_reboot+0x3f/0x80
[    0.000000]  ? native_machine_emergency_restart+0x195/0x1e0
[    0.000000]  ? machine_emergency_restart+0x23/0x30
[    0.000000]  ? emergency_restart+0x26/0x30
[    0.000000]  ? panic+0x21f/0x330
[    0.000000]  ? oops_end+0xb2/0xf0
[    0.000000]  ? page_fault_oops+0x187/0x460
[    0.000000]  ? do_user_addr_fault+0x2e3/0x610
[    0.000000]  ? exc_page_fault+0x76/0x160
[    0.000000]  ? asm_exc_page_fault+0x2b/0x30
[    0.000000]  ? efi_reboot+0x3f/0x80
[    0.000000]  ? native_machine_emergency_restart+0x195/0x1e0
[    0.000000]  ? machine_emergency_restart+0x23/0x30
[    0.000000]  ? emergency_restart+0x26/0x30
[    0.000000]  ? panic+0x21f/0x330
[    0.000000]  ? oops_end+0xb2/0xf0
[    0.000000]  ? die+0x83/0x90
[    0.000000]  ? do_trap+0xc8/0xe0
[    0.000000]  ? do_error_trap+0x73/0xa0
[    0.000000]  ? its_return_thunk+0x10/0x10
[    0.000000]  ? exc_divide_error+0x3e/0x60
[    0.000000]  ? its_return_thunk+0x10/0x10
[    0.000000]  ? asm_exc_divide_error+0x1f/0x30
[    0.000000]  ? its_return_thunk+0x10/0x10
[    0.000000]  ? start_kernel+0x345/0x790
[    0.000000]  ? x86_64_start_reservations+0x25/0x40
[    0.000000]  ? x86_64_start_kernel+0x7f/0x80
[    0.000000]  ? secondary_startup_64_no_verify+0x17d/0x18b
[    0.000000]  </TASK>
[    0.000000] Modules linked in:
[    0.000000] CR2: 0000000000000000
[    0.000000] ---[ end trace 0000000000000000 ]---
[    0.000000] RIP: 0010:__x86_return_thunk+0x0/0x10
[    0.000000] Code: cc cc cc cc cc cc cc cc cc cc cc cc cc cc cc cc cc cc cc cc cc cc cc cc cc cc c3 cc 66 66 2e 0f 1f 84 00 00 00 00 00 0f 1f 00 <c3> cc cc cc cc cc cc cc cc cc cc cc cc cc cc cc e9 cb 2a f8 fe 0f
[    0.000000] RSP: 0000:ffffffffb2203ee0 EFLAGS: 00000246
[    0.000000] RAX: 0000000000000046 RBX: ffffffffb26b0020 RCX: 0000000000000020
[    0.000000] RDX: 0000000000000f80 RSI: ffff9d119feb8400 RDI: 0000000000000000
[    0.000000] RBP: ffffffffb2203f18 R08: 0000000000000001 R09: 0000000000000000
[    0.000000] R10: 0000000000000f80 R11: ffff9d119feb3b40 R12: 0000000000000000
[    0.000000] R13: 0000000000000000 R14: 0000000000000000 R15: 0000000000010000
[    0.000000] FS:  0000000000000000(0000) GS:ffff9d119f400000(0000) knlGS:0000000000000000
[    0.000000] CS:  0010 DS: 0000 ES: 0000 CR0: 0000000080050033
[    0.000000] CR2: ffffffffffffffd6 CR3: 0000000012232001 CR4: 00000000000200b0
[    0.000000] Kernel panic - not syncing: Fatal exception
[    0.000000] BUG: kernel NULL pointer dereference, address: 0000000000000000
[    0.000000] #PF: supervisor instruction fetch in kernel mode
[    0.000000] #PF: error_code(0x0010) - not-present page
[    0.000000] PGD 0 P4D 0 
[    0.000000] Oops: 0010 [#5] PREEMPT SMP PTI
[    0.000000] CPU: 0 PID: 0 Comm: swapper/0 Tainted: G      D            6.6.114.1-microsoft-standard-WSL2 #1
[    0.000000] RIP: 0010:0x0
[    0.000000] Code: Unable to access opcode bytes at 0xffffffffffffffd6.
[    0.000000] RSP: 0000:ffffffffb22033f0 EFLAGS: 00010046
[    0.000000] RAX: 0000000000000000 RBX: ffffffffb194fae1 RCX: 0000000000000000
[    0.000000] RDX: 0000000000000000 RSI: 0000000000000000 RDI: 0000000000000000
[    0.000000] RBP: ffffffffb22033f8 R08: 0000000000000000 R09: ffffffffb2203248
[    0.000000] R10: 0000000000000003 R11: ffffffffb2353128 R12: 0000000000000000
[    0.000000] R13: 0000000000000000 R14: 0000000000000000 R15: 0000000000000065
[    0.000000] FS:  0000000000000000(0000) GS:ffff9d119f400000(0000) knlGS:0000000000000000
[    0.000000] CS:  0010 DS: 0000 ES: 0000 CR0: 0000000080050033
[    0.000000] CR2: ffffffffffffffd6 CR3: 0000000012232001 CR4: 00000000000200b0
[    0.000000] Call Trace:
[    0.000000]  <TASK>
[    0.000000]  efi_reboot+0x3f/0x80
[    0.000000]  native_machine_emergency_restart+0x195/0x1e0
[    0.000000]  machine_emergency_restart+0x23/0x30
[    0.000000]  emergency_restart+0x26/0x30
[    0.000000]  panic+0x21f/0x330
[    0.000000]  oops_end+0xb2/0xf0
[    0.000000]  page_fault_oops+0x187/0x460
[    0.000000]  do_user_addr_fault+0x2e3/0x610
[    0.000000]  exc_page_fault+0x76/0x160
[    0.000000]  asm_exc_page_fault+0x2b/0x30
[    0.000000] RIP: 0010:0x0
[    0.000000] Code: Unable to access opcode bytes at 0xffffffffffffffd6.
[    0.000000] RSP: 0000:ffffffffb22036b0 EFLAGS: 00010046
[    0.000000] RAX: 0000000000000000 RBX: ffffffffb194fae1 RCX: 0000000000000000
[    0.000000] RDX: 0000000000000000 RSI: 0000000000000000 RDI: 0000000000000000
[    0.000000] RBP: ffffffffb22036b8 R08: 0000000000000000 R09: ffffffffb2203508
[    0.000000] R10: 0000000000000003 R11: ffffffffb2353128 R12: 0000000000000000
[    0.000000] R13: 0000000000000000 R14: 0000000000000000 R15: 0000000000000065
[    0.000000]  ? efi_reboot+0x3f/0x80
[    0.000000]  ? native_machine_emergency_restart+0x195/0x1e0
[    0.000000]  ? machine_emergency_restart+0x23/0x30
[    0.000000]  ? emergency_restart+0x26/0x30
[    0.000000]  ? panic+0x21f/0x330
[    0.000000]  ? oops_end+0xb2/0xf0
[    0.000000]  ? page_fault_oops+0x187/0x460
[    0.000000]  ? do_user_addr_fault+0x2e3/0x610
[    0.000000]  ? exc_page_fault+0x76/0x160
[    0.000000]  ? asm_exc_page_fault+0x2b/0x30
[    0.000000]  ? efi_reboot+0x3f/0x80
[    0.000000]  ? native_machine_emergency_restart+0x195/0x1e0
[    0.000000]  ? machine_emergency_restart+0x23/0x30
[    0.000000]  ? emergency_restart+0x26/0x30
[    0.000000]  ? panic+0x21f/0x330
[    0.000000]  ? oops_end+0xb2/0xf0
[    0.000000]  ? page_fault_oops+0x187/0x460
[    0.000000]  ? do_user_addr_fault+0x2e3/0x610
[    0.000000]  ? exc_page_fault+0x76/0x160
[    0.000000]  ? asm_exc_page_fault+0x2b/0x30
[    0.000000]  ? efi_reboot+0x3f/0x80
[    0.000000]  ? native_machine_emergency_restart+0x195/0x1e0
[    0.000000]  ? machine_emergency_restart+0x23/0x30
[    0.000000]  ? emergency_restart+0x26/0x30
[    0.000000]  ? panic+0x21f/0x330
[    0.000000]  ? oops_end+0xb2/0xf0
[    0.000000]  ? die+0x83/0x90
[    0.000000]  ? do_trap+0xc8/0xe0
[    0.000000]  ? do_error_trap+0x73/0xa0
[    0.000000]  ? its_return_thunk+0x10/0x10
[    0.000000]  ? exc_divide_error+0x3e/0x60
[    0.000000]  ? its_return_thunk+0x10/0x10
[    0.000000]  ? asm_exc_divide_error+0x1f/0x30
[    0.000000]  ? its_return_thunk+0x10/0x10
[    0.000000]  ? start_kernel+0x345/0x790
[    0.000000]  ? x86_64_start_reservations+0x25/0x40
[    0.000000]  ? x86_64_start_kernel+0x7f/0x80
[    0.000000]  ? secondary_startup_64_no_verify+0x17d/0x18b
[    0.000000]  </TASK>
[    0.000000] Modules linked in:
[    0.000000] CR2: 0000000000000000
[    0.000000] ---[ end trace 0000000000000000 ]---
[    0.000000] RIP: 0010:__x86_return_thunk+0x0/0x10
[    0.000000] Code: cc cc cc cc cc cc cc cc cc cc cc cc cc cc cc cc cc cc cc cc cc cc cc cc cc cc c3 cc 66 66 2e 0f 1f 84 00 00 00 00 00 0f 1f 00 <c3> cc cc cc cc cc cc cc cc cc cc cc cc cc cc cc e9 cb 2a f8 fe 0f
[    0.000000] RSP: 0000:ffffffffb2203ee0 EFLAGS: 00000246
[    0.000000] RAX: 0000000000000046 RBX: ffffffffb26b0020 RCX: 0000000000000020
[    0.000000] RDX: 0000000000000f80 RSI: ffff9d119feb8400 RDI: 0000000000000000
[    0.000000] RBP: ffffffffb2203f18 R08: 0000000000000001 R09: 0000000000000000
[    0.000000] R10: 0000000000000f80 R11: ffff9d119feb3b40 R12: 0000000000000000
[    0.000000] R13: 0000000000000000 R14: 0000000000000000 R15: 0000000000010000
[    0.000000] FS:  0000000000000000(0000) GS:ffff9d119f400000(0000) knlGS:0000000000000000
[    0.000000] CS:  0010 DS: 0000 ES: 0000 CR0: 0000000080050033
[    0.000000] CR2: ffffffffffffffd6 CR3: 0000000012232001 CR4: 00000000000200b0
[    0.000000] Kernel panic - not syncing: Fatal exception
[    0.000000] BUG: kernel NULL pointer dereference, address: 0000000000000000
[    0.000000] #PF: supervisor instruction fetch in kernel mode
[    0.000000] #PF: error_code(0x0010) - not-present page
[    0.000000] PGD 0 P4D 0 
[    0.000000] Oops: 0010 [#6] PREEMPT SMP PTI
[    0.000000] CPU: 0 PID: 0 Comm: swapper/0 Tainted: G      D            6.6.114.1-microsoft-standard-WSL2 #1
[    0.000000] RIP: 0010:0x0
[    0.000000] Code: Unable to access opcode bytes at 0xffffffffffffffd6.
[    0.000000] RSP: 0000:ffffffffb2203130 EFLAGS: 00010046
[    0.000000] RAX: 0000000000000000 RBX: ffffffffb194fae1 RCX: 0000000000000000
[    0.000000] RDX: 0000000000000000 RSI: 0000000000000000 RDI: 0000000000000000
[    0.000000] RBP: ffffffffb2203138 R08: 0000000000000000 R09: ffffffffb2202f88
[    0.000000] R10: 0000000000000003 R11: ffffffffb2353128 R12: 0000000000000000
[    0.000000] R13: 0000000000000000 R14: 0000000000000000 R15: 0000000000000065
[    0.000000] FS:  0000000000000000(0000) GS:ffff9d119f400000(0000) knlGS:0000000000000000
[    0.000000] CS:  0010 DS: 0000 ES: 0000 CR0: 0000000080050033
[    0.000000] CR2: ffffffffffffffd6 CR3: 0000000012232001 CR4: 00000000000200b0
[    0.000000] Call Trace:
[    0.000000]  <TASK>
[    0.000000]  efi_reboot+0x3f/0x80
[    0.000000]  native_machine_emergency_restart+0x195/0x1e0
[    0.000000]  machine_emergency_restart+0x23/0x30
[    0.000000]  emergency_restart+0x26/0x30
[    0.000000]  panic+0x21f/0x330
[    0.000000]  oops_end+0xb2/0xf0
[    0.000000]  page_fault_oops+0x187/0x460
[    0.000000]  do_user_addr_fault+0x2e3/0x610
[    0.000000]  exc_page_fault+0x76/0x160
[    0.000000]  asm_exc_page_fault+0x2b/0x30
[    0.000000] RIP: 0010:0x0
[    0.000000] Code: Unable to access opcode bytes at 0xffffffffffffffd6.
[    0.000000] RSP: 0000:ffffffffb22033f0 EFLAGS: 00010046
[    0.000000] RAX: 0000000000000000 RBX: ffffffffb194fae1 RCX: 0000000000000000
[    0.000000] RDX: 0000000000000000 RSI: 0000000000000000 RDI: 0000000000000000
[    0.000000] RBP: ffffffffb22033f8 R08: 0000000000000000 R09: ffffffffb2203248
[    0.000000] R10: 0000000000000003 R11: ffffffffb2353128 R12: 0000000000000000
[    0.000000] R13: 0000000000000000 R14: 0000000000000000 R15: 0000000000000065
[    0.000000]  ? efi_reboot+0x3f/0x80
[    0.000000]  ? native_machine_emergency_restart+0x195/0x1e0
[    0.000000]  ? machine_emergency_restart+0x23/0x30
[    0.000000]  ? emergency_restart+0x26/0x30
[    0.000000]  ? panic+0x21f/0x330
[    0.000000]  ? oops_end+0xb2/0xf0
[    0.000000]  ? page_fault_oops+0x187/0x460
[    0.000000]  ? do_user_addr_fault+0x2e3/0x610
[    0.000000]  ? exc_page_fault+0x76/0x160
[    0.000000]  ? asm_exc_page_fault+0x2b/0x30
[    0.000000]  ? efi_reboot+0x3f/0x80
[    0.000000]  ? native_machine_emergency_restart+0x195/0x1e0
[    0.000000]  ? machine_emergency_restart+0x23/0x30
[    0.000000]  ? emergency_restart+0x26/0x30
[    0.000000]  ? panic+0x21f/0x330
[    0.000000]  ? oops_end+0xb2/0xf0
[    0.000000]  ? page_fault_oops+0x187/0x460
[    0.000000]  ? do_user_addr_fault+0x2e3/0x610
[    0.000000]  ? exc_page_fault+0x76/0x160
[    0.000000]  ? asm_exc_page_fault+0x2b/0x30
[    0.000000]  ? efi_reboot+0x3f/0x80
[    0.000000]  ? native_machine_emergency_restart+0x195/0x1e0
[    0.000000]  ? machine_emergency_restart+0x23/0x30
[    0.000000]  ? emergency_restart+0x26/0x30
[    0.000000]  ? panic+0x21f/0x330
[    0.000000]  ? oops_end+0xb2/0xf0
[    0.000000]  ? page_fault_oops+0x187/0x460
[    0.000000]  ? do_user_addr_fault+0x2e3/0x610
[    0.000000]  ? exc_page_fault+0x76/0x160
[    0.000000]  ? asm_exc_page_fault+0x2b/0x30
[    0.000000]  ? efi_reboot+0x3f/0x80
[    0.000000]  ? native_machine_emergency_restart+0x195/0x1e0
[    0.000000]  ? machine_emergency_restart+0x23/0x30
[    0.000000]  ? emergency_restart+0x26/0x30
[    0.000000]  ? panic+0x21f/0x330
[    0.000000]  ? oops_end+0xb2/0xf0
[    0.000000]  ? die+0x83/0x90
[    0.000000]  ? do_trap+0xc8/0xe0
[    0.000000]  ? do_error_trap+0x73/0xa0
[    0.000000]  ? its_return_thunk+0x10/0x10
[    0.000000]  ? exc_divide_error+0x3e/0x60
[    0.000000]  ? its_return_thunk+0x10/0x10
[    0.000000]  ? asm_exc_divide_error+0x1f/0x30
[    0.000000]  ? its_return_thunk+0x10/0x10
[    0.000000]  ? start_kernel+0x345/0x790
[    0.000000]  ? x86_64_start_reservations+0x25/0x40
[    0.000000]  ? x86_64_start_kernel+0x7f/0x80
[    0.000000]  ? secondary_startup_64_no_verify+0x17d/0x18b
[    0.000000]  </TASK>
[    0.000000] Modules linked in:
[    0.000000] CR2: 0000000000000000
[    0.000000] ---[ end trace 0000000000000000 ]---
[    0.000000] RIP: 0010:__x86_return_thunk+0x0/0x10
[    0.000000] Code: cc cc cc cc cc cc cc cc cc cc cc cc cc cc cc cc cc cc cc cc cc cc cc cc cc cc c3 cc 66 66 2e 0f 1f 84 00 00 00 00 00 0f 1f 00 <c3> cc cc cc cc cc cc cc cc cc cc cc cc cc cc cc e9 cb 2a f8 fe 0f
[    0.000000] RSP: 0000:ffffffffb2203ee0 EFLAGS: 00000246
[    0.000000] RAX: 0000000000000046 RBX: ffffffffb26b0020 RCX: 0000000000000020
[    0.000000] RDX: 0000000000000f80 RSI: ffff9d119feb8400 RDI: 0000000000000000
[    0.000000] RBP: ffffffffb2203f18 R08: 0000000000000001 R09: 0000000000000000
[    0.000000] R10: 0000000000000f80 R11: ffff9d119feb3b40 R12: 0000000000000000
[    0.000000] R13: 0000000000000000 R14: 0000000000000000 R15: 0000000000010000
[    0.000000] FS:  0000000000000000(0000) GS:ffff9d119f400000(0000) knlGS:0000000000000000
[    0.000000] CS:  0010 DS: 0000 ES: 0000 CR0: 0000000080050033
[    0.000000] CR2: ffffffffffffffd6 CR3: 0000000012232001 CR4: 00000000000200b0
[    0.000000] Kernel panic - not syncing: Fatal exception
[    0.000000] BUG: kernel NULL pointer dereference, address: 0000000000000000
[    0.000000] #PF: supervisor instruction fetch in kernel mode
[    0.000000] #PF: error_code(0x0010) - not-present page
[    0.000000] PGD 0 P4D 0 
[    0.000000] Oops: 0010 [#7] PREEMPT SMP PTI
[    0.000000] CPU: 0 PID: 0 Comm: swapper/0 Tainted: G      D            6.6.114.1-microsoft-standard-WSL2 #1
[    0.000000] RIP: 0010:0x0
[    0.000000] Code: Unable to access opcode bytes at 0xffffffffffffffd6.
[    0.000000] RSP: 0000:ffffffffb2202e70 EFLAGS: 00010046
[    0.000000] RAX: 0000000000000000 RBX: ffffffffb194fae1 RCX: 0000000000000000
[    0.000000] RDX: 0000000000000000 RSI: 0000000000000000 RDI: 0000000000000000
[    0.000000] RBP: ffffffffb2202e78 R08: 0000000000000000 R09: ffffffffb2202cc8
[    0.000000] R10: 0000000000000003 R11: ffffffffb2353128 R12: 0000000000000000
[    0.000000] R13: 0000000000000000 R14: 0000000000000000 R15: 0000000000000065
[    0.000000] FS:  0000000000000000(0000) GS:ffff9d119f400000(0000) knlGS:0000000000000000
[    0.000000] CS:  0010 DS: 0000 ES: 0000 CR0: 0000000080050033
[    0.000000] CR2: ffffffffffffffd6 CR3: 0000000012232001 CR4: 00000000000200b0
[    0.000000] Call Trace:
[    0.000000]  <TASK>
[    0.000000]  efi_reboot+0x3f/0x80
[    0.000000]  native_machine_emergency_restart+0x195/0x1e0
[    0.000000]  machine_emergency_restart+0x23/0x30
[    0.000000]  emergency_restart+0x26/0x30
[    0.000000]  panic+0x21f/0x330
[    0.000000]  oops_end+0xb2/0xf0
[    0.000000]  page_fault_oops+0x187/0x460
[    0.000000]  do_user_addr_fault+0x2e3/0x610
[    0.000000]  exc_page_fault+0x76/0x160
[    0.000000]  asm_exc_page_fault+0x2b/0x30
[    0.000000] RIP: 0010:0x0
[    0.000000] Code: Unable to access opcode bytes at 0xffffffffffffffd6.
[    0.000000] RSP: 0000:ffffffffb2203130 EFLAGS: 00010046
[    0.000000] RAX: 0000000000000000 RBX: ffffffffb194fae1 RCX: 0000000000000000
[    0.000000] RDX: 0000000000000000 RSI: 0000000000000000 RDI: 0000000000000000
[    0.000000] RBP: ffffffffb2203138 R08: 0000000000000000 R09: ffffffffb2202f88
[    0.000000] R10: 0000000000000003 R11: ffffffffb2353128 R12: 0000000000000000
[    0.000000] R13: 0000000000000000 R14: 0000000000000000 R15: 0000000000000065
[    0.000000]  ? efi_reboot+0x3f/0x80
[    0.000000]  ? native_machine_emergency_restart+0x195/0x1e0
[    0.000000]  ? machine_emergency_restart+0x23/0x30
[    0.000000]  ? emergency_restart+0x26/0x30
[    0.000000]  ? panic+0x21f/0x330
[    0.000000]  ? oops_end+0xb2/0xf0
[    0.000000]  ? page_fault_oops+0x187/0x460
[    0.000000]  ? do_user_addr_fault+0x2e3/0x610
[    0.000000]  ? exc_page_fault+0x76/0x160
[    0.000000]  ? asm_exc_page_fault+0x2b/0x30
[    0.000000]  ? efi_reboot+0x3f/0x80
[    0.000000]  ? native_machine_emergency_restart+0x195/0x1e0
[    0.000000]  ? machine_emergency_restart+0x23/0x30
[    0.000000]  ? emergency_restart+0x26/0x30
[    0.000000]  ? panic+0x21f/0x330
[    0.000000]  ? oops_end+0xb2/0xf0
[    0.000000]  ? page_fault_oops+0x187/0x460
[    0.000000]  ? do_user_addr_fault+0x2e3/0x610
[    0.000000]  ? exc_page_fault+0x76/0x160
[    0.000000]  ? asm_exc_page_fault+0x2b/0x30
[    0.000000]  ? efi_reboot+0x3f/0x80
[    0.000000]  ? native_machine_emergency_restart+0x195/0x1e0
[    0.000000]  ? machine_emergency_restart+0x23/0x30
[    0.000000]  ? emergency_restart+0x26/0x30
[    0.000000]  ? panic+0x21f/0x330
[    0.000000]  ? oops_end+0xb2/0xf0
[    0.000000]  ? page_fault_oops+0x187/0x460
[    0.000000]  ? do_user_addr_fault+0x2e3/0x610
[    0.000000]  ? exc_page_fault+0x76/0x160
[    0.000000]  ? asm_exc_page_fault+0x2b/0x30
[    0.000000]  ? efi_reboot+0x3f/0x80
[    0.000000]  ? native_machine_emergency_restart+0x195/0x1e0
[    0.000000]  ? machine_emergency_restart+0x23/0x30
[    0.000000]  ? emergency_restart+0x26/0x30
[    0.000000]  ? panic+0x21f/0x330
[    0.000000]  ? oops_end+0xb2/0xf0
[    0.000000]  ? page_fault_oops+0x187/0x460
[    0.000000]  ? do_user_addr_fault+0x2e3/0x610
[    0.000000]  ? exc_page_fault+0x76/0x160
[    0.000000]  ? asm_exc_page_fault+0x2b/0x30
[    0.000000]  ? efi_reboot+0x3f/0x80
[    0.000000]  ? native_machine_emergency_restart+0x195/0x1e0
[    0.000000]  ? machine_emergency_restart+0x23/0x30
[    0.000000]  ? emergency_restart+0x26/0x30
[    0.000000]  ? panic+0x21f/0x330
[    0.000000]  ? oops_end+0xb2/0xf0
[    0.000000]  ? die+0x83/0x90
[    0.000000]  ? do_trap+0xc8/0xe0
[    0.000000]  ? do_error_trap+0x73/0xa0
[    0.000000]  ? its_return_thunk+0x10/0x10
[    0.000000]  ? exc_divide_error+0x3e/0x60
[    0.000000]  ? its_return_thunk+0x10/0x10
[    0.000000]  ? asm_exc_divide_error+0x1f/0x30
[    0.000000]  ? its_return_thunk+0x10/0x10
[    0.000000]  ? start_kernel+0x345/0x790
[    0.000000]  ? x86_64_start_reservations+0x25/0x40
[    0.000000]  ? x86_64_start_kernel+0x7f/0x80
[    0.000000]  ? secondary_startup_64_no_verify+0x17d/0x18b
[    0.000000]  </TASK>
[    0.000000] Modules linked in:
[    0.000000] CR2: 0000000000000000
[    0.000000] ---[ end trace 0000000000000000 ]---
[    0.000000] RIP: 0010:__x86_return_thunk+0x0/0x10
[    0.000000] Code: cc cc cc cc cc cc cc cc cc cc cc cc cc cc cc cc cc cc cc cc cc cc cc cc cc cc c3 cc 66 66 2e 0f 1f 84 00 00 00 00 00 0f 1f 00 <c3> cc cc cc cc cc cc cc cc cc cc cc cc cc cc cc e9 cb 2a f8 fe 0f
[    0.000000] RSP: 0000:ffffffffb2203ee0 EFLAGS: 00000246
[    0.000000] RAX: 0000000000000046 RBX: ffffffffb26b0020 RCX: 0000000000000020
[    0.000000] RDX: 0000000000000f80 RSI: ffff9d119feb8400 RDI: 0000000000000000
[    0.000000] RBP: ffffffffb2203f18 R08: 0000000000000001 R09: 0000000000000000
[    0.000000] R10: 0000000000000f80 R11: ffff9d119feb3b40 R12: 0000000000000000
[    0.000000] R13: 0000000000000000 R14: 0000000000000000 R15: 0000000000010000
[    0.000000] FS:  0000000000000000(0000) GS:ffff9d119f400000(0000) knlGS:0000000000000000
[    0.000000] CS:  0010 DS: 0000 ES: 0000 CR0: 0000000080050033
[    0.000000] CR2: ffffffffffffffd6 CR3: 0000000012232001 CR4: 00000000000200b0
[    0.000000] Kernel panic - not syncing: Fatal exception
[    0.000000] BUG: kernel NULL pointer dereference, address: 0000000000000000
[    0.000000] #PF: supervisor instruction fetch in kernel mode
[    0.000000] #PF: error_code(0x0010) - not-present page
[    0.000000] PGD 0 P4D 0 
[    0.000000] Oops: 0010 [#8] PREEMPT SMP PTI
[    0.000000] CPU: 0 PID: 0 Comm: swapper/0 Tainted: G      D            6.6.114.1-microsoft-standard-WSL2 #1
[    0.000000] RIP: 0010:0x0
[    0.000000] Code: Unable to access opcode bytes at 0xffffffffffffffd6.
[    0.000000] RSP: 0000:ffffffffb2202bb0 EFLAGS: 00010046
[    0.000000] RAX: 0000000000000000 RBX: ffffffffb194fae1 RCX: 0000000000000000
[    0.000000] RDX: 0000000000000000 RSI: 0000000000000000 RDI: 0000000000000000
[    0.000000] RBP: ffffffffb2202bb8 R08: 0000000000000000 R09: ffffffffb2202a08
[    0.000000] R10: 0000000000000003 R11: ffffffffb2353128 R12: 0000000000000000
[    0.000000] R13: 0000000000000000 R14: 0000000000000000 R15: 0000000000000065
[    0.000000] FS:  0000000000000000(0000) GS:ffff9d119f400000(0000) knlGS:0000000000000000
[    0.000000] CS:  0010 DS: 0000 ES: 0000 CR0: 0000000080050033
[    0.000000] CR2: ffffffffffffffd6 CR3: 0000000012232001 CR4: 00000000000200b0
[    0.000000] Call Trace:
[    0.000000]  <TASK>
[    0.000000]  efi_reboot+0x3f/0x80
[    0.000000]  native_machine_emergency_restart+0x195/0x1e0
[    0.000000]  machine_emergency_restart+0x23/0x30
[    0.000000]  emergency_restart+0x26/0x30
[    0.000000]  panic+0x21f/0x330
[    0.000000]  oops_end+0xb2/0xf0
[    0.000000]  page_fault_oops+0x187/0x460
[    0.000000]  do_user_addr_fault+0x2e3/0x610
[    0.000000]  exc_page_fault+0x76/0x160
[    0.000000]  asm_exc_page_fault+0x2b/0x30
[    0.000000] RIP: 0010:0x0
[    0.000000] Code: Unable to access opcode bytes at 0xffffffffffffffd6.
[    0.000000] RSP: 0000:ffffffffb2202e70 EFLAGS: 00010046
[    0.000000] RAX: 0000000000000000 RBX: ffffffffb194fae1 RCX: 0000000000000000
[    0.000000] RDX: 0000000000000000 RSI: 0000000000000000 RDI: 0000000000000000
[    0.000000] RBP: ffffffffb2202e78 R08: 0000000000000000 R09: ffffffffb2202cc8
[    0.000000] R10: 0000000000000003 R11: ffffffffb2353128 R12: 0000000000000000
[    0.000000] R13: 0000000000000000 R14: 0000000000000000 R15: 0000000000000065
[    0.000000]  ? efi_reboot+0x3f/0x80
[    0.000000]  ? native_machine_emergency_restart+0x195/0x1e0
[    0.000000]  ? machine_emergency_restart+0x23/0x30
[    0.000000]  ? emergency_restart+0x26/0x30
[    0.000000]  ? panic+0x21f/0x330
[    0.000000]  ? oops_end+0xb2/0xf0
[    0.000000]  ? page_fault_oops+0x187/0x460
[    0.000000]  ? do_user_addr_fault+0x2e3/0x610
[    0.000000]  ? exc_page_fault+0x76/0x160
[    0.000000]  ? asm_exc_page_fault+0x2b/0x30
[    0.000000]  ? efi_reboot+0x3f/0x80
[    0.000000]  ? native_machine_emergency_restart+0x195/0x1e0
[    0.000000]  ? machine_emergency_restart+0x23/0x30
[    0.000000]  ? emergency_restart+0x26/0x30
[    0.000000]  ? panic+0x21f/0x330
[    0.000000]  ? oops_end+0xb2/0xf0
[    0.000000]  ? page_fault_oops+0x187/0x460
[    0.000000]  ? do_user_addr_fault+0x2e3/0x610
[    0.000000]  ? exc_page_fault+0x76/0x160
[    0.000000]  ? asm_exc_page_fault+0x2b/0x30
[    0.000000]  ? efi_reboot+0x3f/0x80
[    0.000000]  ? native_machine_emergency_restart+0x195/0x1e0
[    0.000000]  ? machine_emergency_restart+0x23/0x30
[    0.000000]  ? emergency_restart+0x26/0x30
[    0.000000]  ? panic+0x21f/0x330
[    0.000000]  ? oops_end+0xb2/0xf0
[    0.000000]  ? page_fault_oops+0x187/0x460
[    0.000000]  ? do_user_addr_fault+0x2e3/0x610
[    0.000000]  ? exc_page_fault+0x76/0x160
[    0.000000]  ? asm_exc_page_fault+0x2b/0x30
[    0.000000]  ? efi_reboot+0x3f/0x80
[    0.000000]  ? native_machine_emergency_restart+0x195/0x1e0
[    0.000000]  ? machine_emergency_restart+0x23/0x30
[    0.000000]  ? emergency_restart+0x26/0x30
[    0.000000]  ? panic+0x21f/0x330
[    0.000000]  ? oops_end+0xb2/0xf0
[    0.000000]  ? page_fault_oops+0x187/0x460
[    0.000000]  ? do_user_addr_fault+0x2e3/0x610
[    0.000000]  ? exc_page_fault+0x76/0x160
[    0.000000]  ? asm_exc_page_fault+0x2b/0x30
[    0.000000]  ? efi_reboot+0x3f/0x80
[    0.000000]  ? native_machine_emergency_restart+0x195/0x1e0
[    0.000000]  ? machine_emergency_restart+0x23/0x30
[    0.000000]  ? emergency_restart+0x26/0x30
[    0.000000]  ? panic+0x21f/0x330
[    0.000000]  ? oops_end+0xb2/0xf0
[    0.000000]  ? page_fault_oops+0x187/0x460
[    0.000000]  ? do_user_addr_fault+0x2e3/0x610
[    0.000000]  ? exc_page_fault+0x76/0x160
[    0.000000]  ? asm_exc_page_fault+0x2b/0x30
[    0.000000]  ? efi_reboot+0x3f/0x80
[    0.000000]  ? native_machine_emergency_restart+0x195/0x1e0
[    0.000000]  ? machine_emergency_restart+0x23/0x30
[    0.000000]  ? emergency_restart+0x26/0x30
[    0.000000]  ? panic+0x21f/0x330
[    0.000000]  ? oops_end+0xb2/0xf0
[    0.000000]  ? die+0x83/0x90
[    0.000000]  ? do_trap+0xc8/0xe0
[    0.000000]  ? do_error_trap+0x73/0xa0
[    0.000000]  ? its_return_thunk+0x10/0x10
[    0.000000]  ? exc_divide_error+0x3e/0x60
[    0.000000]  ? its_return_thunk+0x10/0x10
[    0.000000]  ? asm_exc_divide_error+0x1f/0x30
[    0.000000]  ? its_return_thunk+0x10/0x10
[    0.000000]  ? start_kernel+0x345/0x790
[    0.000000]  ? x86_64_start_reservations+0x25/0x40
[    0.000000]  ? x86_64_start_kernel+0x7f/0x80
[    0.000000]  ? secondary_startup_64_no_verify+0x17d/0x18b
[    0.000000]  </TASK>
[    0.000000] Modules linked in:
[    0.000000] CR2: 0000000000000000
[    0.000000] ---[ end trace 0000000000000000 ]---
[    0.000000] RIP: 0010:__x86_return_thunk+0x0/0x10
[    0.000000] Code: cc cc cc cc cc cc cc cc cc cc cc cc cc cc cc cc cc cc cc cc cc cc cc cc cc cc c3 cc 66 66 2e 0f 1f 84 00 00 00 00 00 0f 1f 00 <c3> cc cc cc cc cc cc cc cc cc cc cc cc cc cc cc e9 cb 2a f8 fe 0f
[    0.000000] RSP: 0000:ffffffffb2203ee0 EFLAGS: 00000246
[    0.000000] RAX: 0000000000000046 RBX: ffffffffb26b0020 RCX: 0000000000000020
[    0.000000] RDX: 0000000000000f80 RSI: ffff9d119feb8400 RDI: 0000000000000000
[    0.000000] RBP: ffffffffb2203f18 R08: 0000000000000001 R09: 0000000000000000
[    0.000000] R10: 0000000000000f80 R11: ffff9d119feb3b40 R12: 0000000000000000
[    0.000000] R13: 0000000000000000 R14: 0000000000000000 R15: 0000000000010000
[    0.000000] FS:  0000000000000000(0000) GS:ffff9d119f400000(0000) knlGS:0000000000000000
[    0.000000] CS:  0010 DS: 0000 ES: 0000 CR0: 0000000080050033
[    0.000000] CR2: ffffffffffffffd6 CR3: 0000000012232001 CR4: 00000000000200b0
[    0.000000] Kernel panic - not syncing: Fatal exception
[    0.000000] BUG: kernel NULL pointer dereference, address: 0000000000000000
[    0.000000] #PF: supervisor instruction fetch in kernel mode
[    0.000000] #PF: error_code(0x0010) - not-present page
[    0.000000] PGD 0 P4D 0 
[    0.000000] Oops: 0010 [#9] PREEMPT SMP PTI
[    0.000000] CPU: 0 PID: 0 Comm: swapper/0 Tainted: G      D            6.6.114.1-microsoft-standard-WSL2 #1
[    0.000000] RIP: 0010:0x0
[    0.000000] Code: Unable to access opcode bytes at 0xffffffffffffffd6.
[    0.000000] RSP: 0000:ffffffffb22028f0 EFLAGS: 00010046
[    0.000000] RAX: 0000000000000000 RBX: ffffffffb194fae1 RCX: 0000000000000000
[    0.000000] RDX: 0000000000000000 RSI: 0000000000000000 RDI: 0000000000000000
[    0.000000] RBP: ffffffffb22028f8 R08: 0000000000000000 R09: ffffffffb2202748
[    0.000000] R10: 0000000000000003 R11: ffffffffb2353128 R12: 0000000000000000
[    0.000000] R13: 0000000000000000 R14: 0000000000000000 R15: 0000000000000065
[    0.000000] FS:  0000000000000000(0000) GS:ffff9d119f400000(0000) knlGS:0000000000000000
[    0.000000] CS:  0010 DS: 0000 ES: 0000 CR0: 0000000080050033
[    0.000000] CR2: ffffffffffffffd6 CR3: 0000000012232001 CR4: 00000000000200b0
[    0.000000] Call Trace:
[    0.000000]  <TASK>
[    0.000000]  efi_reboot+0x3f/0x80
[    0.000000]  native_machine_emergency_restart+0x195/0x1e0
[    0.000000]  machine_emergency_restart+0x23/0x30
[    0.000000]  emergency_restart+0x26/0x30
[    0.000000]  panic+0x21f/0x330
[    0.000000]  oops_end+0xb2/0xf0
[    0.000000]  page_fault_oops+0x187/0x460
[    0.000000]  do_user_addr_fault+0x2e3/0x610
[    0.000000]  exc_page_fault+0x76/0x160
[    0.000000]  asm_exc_page_fault+0x2b/0x30
[    0.000000] RIP: 0010:0x0
[    0.000000] Code: Unable to access opcode bytes at 0xffffffffffffffd6.
[    0.000000] RSP: 0000:ffffffffb2202bb0 EFLAGS: 00010046
[    0.000000] RAX: 0000000000000000 RBX: ffffffffb194fae1 RCX: 0000000000000000
[    0.000000] RDX: 0000000000000000 RSI: 0000000000000000 RDI: 0000000000000000
[    0.000000] RBP: ffffffffb2202bb8 R08: 0000000000000000 R09: ffffffffb2202a08
[    0.000000] R10: 0000000000000003 R11: ffffffffb2353128 R12: 0000000000000000
[    0.000000] R13: 0000000000000000 R14: 0000000000000000 R15: 0000000000000065
[    0.000000]  ? efi_reboot+0x3f/0x80
[    0.000000]  ? native_machine_emergency_restart+0x195/0x1e0
[    0.000000]  ? machine_emergency_restart+0x23/0x30
[    0.000000]  ? emergency_restart+0x26/0x30
[    0.000000]  ? panic+0x21f/0x330
[    0.000000]  ? oops_end+0xb2/0xf0
[    0.000000]  ? page_fault_oops+0x187/0x460
[    0.000000]  ? do_user_addr_fault+0x2e3/0x610
[    0.000000]  ? exc_page_fault+0x76/0x160
[    0.000000]  ? asm_exc_page_fault+0x2b/0x30
[    0.000000]  ? efi_reboot+0x3f/0x80
[    0.000000]  ? native_machine_emergency_restart+0x195/0x1e0
[    0.000000]  ? machine_emergency_restart+0x23/0x30
[    0.000000]  ? emergency_restart+0x26/0x30
[    0.000000]  ? panic+0x21f/0x330
[    0.000000]  ? oops_end+0xb2/0xf0
[    0.000000]  ? page_fault_oops+0x187/0x460
[    0.000000]  ? do_user_addr_fault+0x2e3/0x610
[    0.000000]  ? exc_page_fault+0x76/0x160
[    0.000000]  ? asm_exc_page_fault+0x2b/0x30
[    0.000000]  ? efi_reboot+0x3f/0x80
[    0.000000]  ? native_machine_emergency_restart+0x195/0x1e0
[    0.000000]  ? machine_emergency_restart+0x23/0x30
[    0.000000]  ? emergency_restart+0x26/0x30
[    0.000000]  ? panic+0x21f/0x330
[    0.000000]  ? oops_end+0xb2/0xf0
[    0.000000]  ? page_fault_oops+0x187/0x460
[    0.000000]  ? do_user_addr_fault+0x2e3/0x610
[    0.000000]  ? exc_page_fault+0x76/0x160
[    0.000000]  ? asm_exc_page_fault+0x2b/0x30
[    0.000000]  ? efi_reboot+0x3f/0x80
[    0.000000]  ? native_machine_emergency_restart+0x195/0x1e0
[    0.000000]  ? machine_emergency_restart+0x23/0x30
[    0.000000]  ? emergency_restart+0x26/0x30
[    0.000000]  ? panic+0x21f/0x330
[    0.000000]  ? oops_end+0xb2/0xf0
[    0.000000]  ? page_fault_oops+0x187/0x460
[    0.000000]  ? do_user_addr_fault+0x2e3/0x610
[    0.000000]  ? exc_page_fault+0x76/0x160
[    0.000000]  ? asm_exc_page_fault+0x2b/0x30
[    0.000000]  ? efi_reboot+0x3f/0x80
[    0.000000]  ? native_machine_emergency_restart+0x195/0x1e0
[    0.000000]  ? machine_emergency_restart+0x23/0x30
[    0.000000]  ? emergency_restart+0x26/0x30
[    0.000000]  ? panic+0x21f/0x330
[    0.000000]  ? oops_end+0xb2/0xf0
[    0.000000]  ? page_fault_oops+0x187/0x460
[    0.000000]  ? do_user_addr_fault+0x2e3/0x610
[    0.000000]  ? exc_page_fault+0x76/0x160
[    0.000000]  ? asm_exc_page_fault+0x2b/0x30
[    0.000000]  ? efi_reboot+0x3f/0x80
[    0.000000]  ? native_machine_emergency_restart+0x195/0x1e0
[    0.000000]  ? machine_emergency_restart+0x23/0x30
[    0.000000]  ? emergency_restart+0x26/0x30
[    0.000000]  ? panic+0x21f/0x330
[    0.000000]  ? oops_end+0xb2/0xf0
[    0.000000]  ? page_fault_oops+0x187/0x460
[    0.000000]  ? do_user_addr_fault+0x2e3/0x610
[    0.000000]  ? exc_page_fault+0x76/0x160
[    0.000000]  ? asm_exc_page_fault+0x2b/0x30
[    0.000000]  ? efi_reboot+0x3f/0x80
[    0.000000]  ? native_machine_emergency_restart+0x195/0x1e0
[    0.000000]  ? machine_emergency_restart+0x23/0x30
[    0.000000]  ? emergency_restart+0x26/0x30
[    0.000000]  ? panic+0x21f/0x330
[    0.000000]  ? oops_end+0xb2/0xf0
[    0.000000]  ? die+0x83/0x90
[    0.000000]  ? do_trap+0xc8/0xe0
[    0.000000]  ? do_error_trap+0x73/0xa0
[    0.000000]  ? its_return_thunk+0x10/0x10
[    0.000000]  ? exc_divide_error+0x3e/0x60
[    0.000000]  ? its_return_thunk+0x10/0x10
[    0.000000]  ? asm_exc_divide_error+0x1f/0x30
[    0.000000]  ? its_return_thunk+0x10/0x10
[    0.000000]  ? start_kernel+0x345/0x790
[    0.000000]  ? x86_64_start_reservations+0x25/0x40
[    0.000000]  ? x86_64_start_kernel+0x7f/0x80
[    0.000000]  ? secondary_startup_64_no_verify+0x17d/0x18b
[    0.000000]  </TASK>
[    0.000000] Modules linked in:
[    0.000000] CR2: 0000000000000000
[    0.000000] ---[ end trace 0000000000000000 ]---
[    0.000000] RIP: 0010:__x86_return_thunk+0x0/0x10
[    0.000000] Code: cc cc cc cc cc cc cc cc cc cc cc cc cc cc cc cc cc cc cc cc cc cc cc cc cc cc c3 cc 66 66 2e 0f 1f 84 00 00 00 00 00 0f 1f 00 <c3> cc cc cc cc cc cc cc cc cc cc cc cc cc cc cc e9 cb 2a f8 fe 0f
[    0.000000] RSP: 0000:ffffffffb2203ee0 EFLAGS: 00000246
[    0.000000] RAX: 0000000000000046 RBX: ffffffffb26b0020 RCX: 0000000000000020
[    0.000000] RDX: 0000000000000f80 RSI: ffff9d119feb8400 RDI: 0000000000000000
[    0.000000] RBP: ffffffffb2203f18 R08: 0000000000000001 R09: 0000000000000000
[    0.000000] R10: 0000000000000f80 R11: ffff9d119feb3b40 R12: 0000000000000000
[    0.000000] R13: 0000000000000000 R14: 0000000000000000 R15: 0000000000010000
[    0.000000] FS:  0000000000000000(0000) GS:ffff9d119f400000(0000) knlGS:0000000000000000
[    0.000000] CS:  0010 DS: 0000 ES: 0000 CR0: 0000000080050033
[    0.000000] CR2: ffffffffffffffd6 CR3: 0000000012232001 CR4: 00000000000200b0
[    0.000000] Kernel panic - not syncing: Fatal exception
[    0.000000] BUG: kernel NULL pointer dereference, address: 0000000000000000
[    0.000000] #PF: supervisor instruction fetch in kernel mode
[    0.000000] #PF: error_code(0x0010) - not-present page
[    0.000000] PGD 0 P4D 0 
[    0.000000] Oops: 0010 [#10] PREEMPT SMP PTI
[    0.000000] CPU: 0 PID: 0 Comm: swapper/0 Tainted: G      D            6.6.114.1-microsoft-standard-WSL2 #1
[    0.000000] RIP: 0010:0x0
[    0.000000] Code: Unable to access opcode bytes at 0xffffffffffffffd6.
[    0.000000] RSP: 0000:ffffffffb2202630 EFLAGS: 00010046
[    0.000000] RAX: 0000000000000000 RBX: ffffffffb194fae1 RCX: 0000000000000000
[    0.000000] RDX: 0000000000000000 RSI: 0000000000000000 RDI: 0000000000000000
[    0.000000] RBP: ffffffffb2202638 R08: 0000000000000000 R09: ffffffffb2202488
[    0.000000] R10: 0000000000000003 R11: ffffffffb2353128 R12: 0000000000000000
[    0.000000] R13: 0000000000000000 R14: 0000000000000000 R15: 0000000000000065
[    0.000000] FS:  0000000000000000(0000) GS:ffff9d119f400000(0000) knlGS:0000000000000000
[    0.000000] CS:  0010 DS: 0000 ES: 0000 CR0: 0000000080050033
[    0.000000] CR2: ffffffffffffffd6 CR3: 0000000012232001 CR4: 00000000000200b0
[    0.000000] Call Trace:
[    0.000000]  <TASK>
[    0.000000]  efi_reboot+0x3f/0x80
[    0.000000]  native_machine_emergency_restart+0x195/0x1e0
[    0.000000]  machine_emergency_restart+0x23/0x30
[    0.000000]  emergency_restart+0x26/0x30
[    0.000000]  panic+0x21f/0x330
[    0.000000]  oops_end+0xb2/0xf0
[    0.000000]  page_fault_oops+0x187/0x460
[    0.000000]  do_user_addr_fault+0x2e3/0x610
[    0.000000]  exc_page_fault+0x76/0x160
[    0.000000]  asm_exc_page_fault+0x2b/0x30
[    0.000000] RIP: 0010:0x0
[    0.000000] Code: Unable to access opcode bytes at 0xffffffffffffffd6.
[    0.000000] RSP: 0000:ffffffffb22028f0 EFLAGS: 00010046
[    0.000000] RAX: 0000000000000000 RBX: ffffffffb194fae1 RCX: 0000000000000000
[    0.000000] RDX: 0000000000000000 RSI: 0000000000000000 RDI: 0000000000000000
[    0.000000] RBP: ffffffffb22028f8 R08: 0000000000000000 R09: ffffffffb2202748
[    0.000000] R10: 0000000000000003 R11: ffffffffb2353128 R12: 0000000000000000
[    0.000000] R13: 0000000000000000 R14: 0000000000000000 R15: 0000000000000065
[    0.000000]  ? efi_reboot+0x3f/0x80
[    0.000000]  ? native_machine_emergency_restart+0x195/0x1e0
[    0.000000]  ? machine_emergency_restart+0x23/0x30
[    0.000000]  ? emergency_restart+0x26/0x30
[    0.000000]  ? panic+0x21f/0x330
[    0.000000]  ? oops_end+0xb2/0xf0
[    0.000000]  ? page_fault_oops+0x187/0x460
[    0.000000]  ? do_user_addr_fault+0x2e3/0x610
[    0.000000]  ? exc_page_fault+0x76/0x160
[    0.000000]  ? asm_exc_page_fault+0x2b/0x30
[    0.000000]  ? efi_reboot+0x3f/0x80
[    0.000000]  ? native_machine_emergency_restart+0x195/0x1e0
[    0.000000]  ? machine_emergency_restart+0x23/0x30
[    0.000000]  ? emergency_restart+0x26/0x30
[    0.000000]  ? panic+0x21f/0x330
[    0.000000]  ? oops_end+0xb2/0xf0
[    0.000000]  ? page_fault_oops+0x187/0x460
[    0.000000]  ? do_user_addr_fault+0x2e3/0x610
[    0.000000]  ? exc_page_fault+0x76/0x160
[    0.000000]  ? asm_exc_page_fault+0x2b/0x30
[    0.000000]  ? efi_reboot+0x3f/0x80
[    0.000000]  ? native_machine_emergency_restart+0x195/0x1e0
[    0.000000]  ? machine_emergency_restart+0x23/0x30
[    0.000000]  ? emergency_restart+0x26/0x30
[    0.000000]  ? panic+0x21f/0x330
[    0.000000]  ? oops_end+0xb2/0xf0
[    0.000000]  ? page_fault_oops+0x187/0x460
[    0.000000]  ? do_user_addr_fault+0x2e3/0x610
[    0.000000]  ? exc_page_fault+0x76/0x160
[    0.000000]  ? asm_exc_page_fault+0x2b/0x30
[    0.000000]  ? efi_reboot+0x3f/0x80
[    0.000000]  ? native_machine_emergency_restart+0x195/0x1e0
[    0.000000]  ? machine_emergency_restart+0x23/0x30
[    0.000000]  ? emergency_restart+0x26/0x30
[    0.000000]  ? panic+0x21f/0x330
[    0.000000]  ? oops_end+0xb2/0xf0
[    0.000000]  ? page_fault_oops+0x187/0x460
[    0.000000]  ? do_user_addr_fault+0x2e3/0x610
[    0.000000]  ? exc_page_fault+0x76/0x160
[    0.000000]  ? asm_exc_page_fault+0x2b/0x30
[    0.000000]  ? efi_reboot+0x3f/0x80
[    0.000000]  ? native_machine_emergency_restart+0x195/0x1e0
[    0.000000]  ? machine_emergency_restart+0x23/0x30
[    0.000000]  ? emergency_restart+0x26/0x30
[    0.000000]  ? panic+0x21f/0x330
[    0.000000]  ? oops_end+0xb2/0xf0
[    0.000000]  ? page_fault_oops+0x187/0x460
[    0.000000]  ? do_user_addr_fault+0x2e3/0x610
[    0.000000]  ? exc_page_fault+0x76/0x160
[    0.000000]  ? asm_exc_page_fault+0x2b/0x30
[    0.000000]  ? efi_reboot+0x3f/0x80
[    0.000000]  ? native_machine_emergency_restart+0x195/0x1e0
[    0.000000]  ? machine_emergency_restart+0x23/0x30
[    0.000000]  ? emergency_restart+0x26/0x30
[    0.000000]  ? panic+0x21f/0x330
[    0.000000]  ? oops_end+0xb2/0xf0
[    0.000000]  ? page_fault_oops+0x187/0x460
[    0.000000]  ? do_user_addr_fault+0x2e3/0x610
[    0.000000]  ? exc_page_fault+0x76/0x160
[    0.000000]  ? asm_exc_page_fault+0x2b/0x30
[    0.000000]  ? efi_reboot+0x3f/0x80
[    0.000000]  ? native_machine_emergency_restart+0x195/0x1e0
[    0.000000]  ? machine_emergency_restart+0x23/0x30
[    0.000000]  ? emergency_restart+0x26/0x30
[    0.000000]  ? panic+0x21f/0x330
[    0.000000]  ? oops_end+0xb2/0xf0
[    0.000000]  ? page_fault_oops+0x187/0x460
[    0.000000]  ? do_user_addr_fault+0x2e3/0x610
[    0.000000]  ? exc_page_fault+0x76/0x160
[    0.000000]  ? asm_exc_page_fault+0x2b/0x30
[    0.000000]  ? efi_reboot+0x3f/0x80
[    0.000000]  ? native_machine_emergency_restart+0x195/0x1e0
[    0.000000]  ? machine_emergency_restart+0x23/0x30
[    0.000000]  ? emergency_restart+0x26/0x30
[    0.000000]  ? panic+0x21f/0x330
[    0.000000]  ? oops_end+0xb2/0xf0
[    0.000000]  ? die+0x83/0x90
[    0.000000]  ? do_trap+0xc8/0xe0
[    0.000000]  ? do_error_trap+0x73/0xa0
[    0.000000]  ? its_return_thunk+0x10/0x10
[    0.000000]  ? exc_divide_error+0x3e/0x60
[    0.000000]  ? its_return_thunk+0x10/0x10
[    0.000000]  ? asm_exc_divide_error+0x1f/0x30
[    0.000000]  ? its_return_thunk+0x10/0x10
[    0.000000]  ? start_kernel+0x345/0x790
[    0.000000]  ? x86_64_start_reservations+0x25/0x40
[    0.000000]  ? x86_64_start_kernel+0x7f/0x80
[    0.000000]  ? secondary_startup_64_no_verify+0x17d/0x18b
[    0.000000]  </TASK>
[    0.000000] Modules linked in:
[    0.000000] CR2: 0000000000000000
[    0.000000] ---[ end trace 0000000000000000 ]---
[    0.000000] RIP: 0010:__x86_return_thunk+0x0/0x10
[    0.000000] Code: cc cc cc cc cc cc cc cc cc cc cc cc cc cc cc cc cc cc cc cc cc cc cc cc cc cc c3 cc 66 66 2e 0f 1f 84 00 00 00 00 00 0f 1f 00 <c3> cc cc cc cc cc cc cc cc cc cc cc cc cc cc cc e9 cb 2a f8 fe 0f
[    0.000000] RSP: 0000:ffffffffb2203ee0 EFLAGS: 00000246
[    0.000000] RAX: 0000000000000046 RBX: ffffffffb26b0020 RCX: 0000000000000020
[    0.000000] RDX: 0000000000000f80 RSI: ffff9d119feb8400 RDI: 0000000000000000
[    0.000000] RBP: ffffffffb2203f18 R08: 0000000000000001 R09: 0000000000000000
[    0.000000] R10: 0000000000000f80 R11: ffff9d119feb3b40 R12: 0000000000000000
[    0.000000] R13: 0000000000000000 R14: 0000000000000000 R15: 0000000000010000
[    0.000000] FS:  0000000000000000(0000) GS:ffff9d119f400000(0000) knlGS:0000000000000000
[    0.000000] CS:  0010 DS: 0000 ES: 0000 CR0: 0000000080050033
[    0.000000] CR2: ffffffffffffffd6 CR3: 0000000012232001 CR4: 00000000000200b0
[    0.000000] Kernel panic - not syncing: Fatal exception
[    0.000000] BUG: kernel NULL pointer dereference, address: 0000000000000000
[    0.000000] #PF: supervisor instruction fetch in kernel mode
[    0.000000] #PF: error_code(0x0010) - not-present page
[    0.000000] PGD 0 P4D 0 
[    0.000000] Oops: 0010 [#11] PREEMPT SMP PTI
[    0.000000] CPU: 0 PID: 0 Comm: swapper/0 Tainted: G      D            6.6.114.1-microsoft-standard-WSL2 #1
[    0.000000] RIP: 0010:0x0
[    0.000000] Code: Unable to access opcode bytes at 0xffffffffffffffd6.
[    0.000000] RSP: 0000:ffffffffb2202370 EFLAGS: 00010046
[    0.000000] RAX: 0000000000000000 RBX: ffffffffb194fae1 RCX: 0000000000000000
[    0.000000] RDX: 0000000000000000 RSI: 0000000000000000 RDI: 0000000000000000
[    0.000000] RBP: ffffffffb2202378 R08: 0000000000000000 R09: ffffffffb22021c8
[    0.000000] R10: 0000000000000003 R11: ffffffffb2353128 R12: 0000000000000000
[    0.000000] R13: 0000000000000000 R14: 0000000000000000 R15: 0000000000000065
[    0.000000] FS:  0000000000000000(0000) GS:ffff9d119f400000(0000) knlGS:0000000000000000
[    0.000000] CS:  0010 DS: 0000 ES: 0000 CR0: 0000000080050033
[    0.000000] CR2: ffffffffffffffd6 CR3: 0000000012232001 CR4: 00000000000200b0
[    0.000000] Call Trace:
[    0.000000]  <TASK>
[    0.000000]  efi_reboot+0x3f/0x80
[    0.000000]  native_machine_emergency_restart+0x195/0x1e0
[    0.000000]  machine_emergency_restart+0x23/0x30
[    0.000000]  emergency_restart+0x26/0x30
[    0.000000]  panic+0x21f/0x330
[    0.000000]  oops_end+0xb2/0xf0
[    0.000000]  page_fault_oops+0x187/0x460
[    0.000000]  do_user_addr_fault+0x2e3/0x610
[    0.000000]  exc_page_fault+0x76/0x160
[    0.000000]  asm_exc_page_fault+0x2b/0x30
[    0.000000] RIP: 0010:0x0
[    0.000000] Code: Unable to access opcode bytes at 0xffffffffffffffd6.
[    0.000000] RSP: 0000:ffffffffb2202630 EFLAGS: 00010046
[    0.000000] RAX: 0000000000000000 RBX: ffffffffb194fae1 RCX: 0000000000000000
[    0.000000] RDX: 0000000000000000 RSI: 0000000000000000 RDI: 0000000000000000
[    0.000000] RBP: ffffffffb2202638 R08: 0000000000000000 R09: ffffffffb2202488
[    0.000000] R10: 0000000000000003 R11: ffffffffb2353128 R12: 0000000000000000
[    0.000000] R13: 0000000000000000 R14: 0000000000000000 R15: 0000000000000065
[    0.000000]  ? efi_reboot+0x3f/0x80
[    0.000000]  ? native_machine_emergency_restart+0x195/0x1e0
[    0.000000]  ? machine_emergency_restart+0x23/0x30
[    0.000000]  ? emergency_restart+0x26/0x30
[    0.000000]  ? panic+0x21f/0x330
[    0.000000]  ? oops_end+0xb2/0xf0
[    0.000000]  ? page_fault_oops+0x187/0x460
[    0.000000]  ? do_user_addr_fault+0x2e3/0x610
[    0.000000]  ? exc_page_fault+0x76/0x160
[    0.000000]  ? asm_exc_page_fault+0x2b/0x30
[    0.000000]  ? efi_reboot+0x3f/0x80
[    0.000000]  ? native_machine_emergency_restart+0x195/0x1e0
[    0.000000]  ? machine_emergency_restart+0x23/0x30
[    0.000000]  ? emergency_restart+0x26/0x30
[    0.000000]  ? panic+0x21f/0x330
[    0.000000]  ? oops_end+0xb2/0xf0
[    0.000000]  ? page_fault_oops+0x187/0x460
[    0.000000]  ? do_user_addr_fault+0x2e3/0x610
[    0.000000]  ? exc_page_fault+0x76/0x160
[    0.000000]  ? asm_exc_page_fault+0x2b/0x30
[    0.000000]  ? efi_reboot+0x3f/0x80
[    0.000000]  ? native_machine_emergency_restart+0x195/0x1e0
[    0.000000]  ? machine_emergency_restart+0x23/0x30
[    0.000000]  ? emergency_restart+0x26/0x30
[    0.000000]  ? panic+0x21f/0x330
[    0.000000]  ? oops_end+0xb2/0xf0
[    0.000000]  ? page_fault_oops+0x187/0x460
[    0.000000]  ? do_user_addr_fault+0x2e3/0x610
[    0.000000]  ? exc_page_fault+0x76/0x160
[    0.000000]  ? asm_exc_page_fault+0x2b/0x30
[    0.000000]  ? efi_reboot+0x3f/0x80
[    0.000000]  ? native_machine_emergency_restart+0x195/0x1e0
[    0.000000]  ? machine_emergency_restart+0x23/0x30
[    0.000000]  ? emergency_restart+0x26/0x30
[    0.000000]  ? panic+0x21f/0x330
[    0.000000]  ? oops_end+0xb2/0xf0
[    0.000000]  ? page_fault_oops+0x187/0x460
[    0.000000]  ? do_user_addr_fault+0x2e3/0x610
[    0.000000]  ? exc_page_fault+0x76/0x160
[    0.000000]  ? asm_exc_page_fault+0x2b/0x30
[    0.000000]  ? efi_reboot+0x3f/0x80
[    0.000000]  ? native_machine_emergency_restart+0x195/0x1e0
[    0.000000]  ? machine_emergency_restart+0x23/0x30
[    0.000000]  ? emergency_restart+0x26/0x30
[    0.000000]  ? panic+0x21f/0x330
[    0.000000]  ? oops_end+0xb2/0xf0
[    0.000000]  ? page_fault_oops+0x187/0x460
[    0.000000]  ? do_user_addr_fault+0x2e3/0x610
[    0.000000]  ? exc_page_fault+0x76/0x160
[    0.000000]  ? asm_exc_page_fault+0x2b/0x30
[    0.000000]  ? efi_reboot+0x3f/0x80
[    0.000000]  ? native_machine_emergency_restart+0x195/0x1e0
[    0.000000]  ? machine_emergency_restart+0x23/0x30
[    0.000000]  ? emergency_restart+0x26/0x30
[    0.000000]  ? panic+0x21f/0x330
[    0.000000]  ? oops_end+0xb2/0xf0
[    0.000000]  ? page_fault_oops+0x187/0x460
[    0.000000]  ? do_user_addr_fault+0x2e3/0x610
[    0.000000]  ? exc_page_fault+0x76/0x160
[    0.000000]  ? asm_exc_page_fault+0x2b/0x30
[    0.000000]  ? efi_reboot+0x3f/0x80
[    0.000000]  ? native_machine_emergency_restart+0x195/0x1e0
[    0.000000]  ? machine_emergency_restart+0x23/0x30
[    0.000000]  ? emergency_restart+0x26/0x30
[    0.000000]  ? panic+0x21f/0x330
[    0.000000]  ? oops_end+0xb2/0xf0
[    0.000000]  ? page_fault_oops+0x187/0x460
[    0.000000]  ? do_user_addr_fault+0x2e3/0x610
[    0.000000]  ? exc_page_fault+0x76/0x160
[    0.000000]  ? asm_exc_page_fault+0x2b/0x30
[    0.000000]  ? efi_reboot+0x3f/0x80
[    0.000000]  ? native_machine_emergency_restart+0x195/0x1e0
[    0.000000]  ? machine_emergency_restart+0x23/0x30
[    0.000000]  ? emergency_restart+0x26/0x30
[    0.000000]  ? panic+0x21f/0x330
[    0.000000]  ? oops_end+0xb2/0xf0
[    0.000000]  ? page_fault_oops+0x187/0x460
[    0.000000]  ? do_user_addr_fault+0x2e3/0x610
[    0.000000]  ? exc_page_fault+0x76/0x160
[    0.000000]  ? asm_exc_page_fault+0x2b/0x30
[    0.000000]  ? efi_reboot+0x3f/0x80
[    0.000000]  ? native_machine_emergency_restart+0x195/0x1e0
[    0.000000]  ? machine_emergency_restart+0x23/0x30
[    0.000000]  ? emergency_restart+0x26/0x30
[    0.000000]  ? panic+0x21f/0x330
[    0.000000]  ? oops_end+0xb2/0xf0
[    0.000000]  ? die+0x83/0x90
[    0.000000]  ? do_trap+0xc8/0xe0
[    0.000000]  ? do_error_trap+0x73/0xa0
[    0.000000]  ? its_return_thunk+0x10/0x10
[    0.000000]  ? exc_divide_error+0x3e/0x60
[    0.000000]  ? its_return_thunk+0x10/0x10
[    0.000000]  ? asm_exc_divide_error+0x1f/0x30
[    0.000000]  ? its_return_thunk+0x10/0x10
[    0.000000]  ? start_kernel+0x345/0x790
[    0.000000]  ? x86_64_start_reservations+0x25/0x40
[    0.000000]  ? x86_64_start_kernel+0x7f/0x80
[    0.000000]  ? secondary_startup_64_no_verify+0x17d/0x18b
[    0.000000]  </TASK>
[    0.000000] Modules linked in:
[    0.000000] CR2: 0000000000000000
[    0.000000] ---[ end trace 0000000000000000 ]---
[    0.000000] RIP: 0010:__x86_return_thunk+0x0/0x10
[    0.000000] Code: cc cc cc cc cc cc cc cc cc cc cc cc cc cc cc cc cc cc cc cc cc cc cc cc cc cc c3 cc 66 66 2e 0f 1f 84 00 00 00 00 00 0f 1f 00 <c3> cc cc cc cc cc cc cc cc cc cc cc cc cc cc cc e9 cb 2a f8 fe 0f
[    0.000000] RSP: 0000:ffffffffb2203ee0 EFLAGS: 00000246
[    0.000000] RAX: 0000000000000046 RBX: ffffffffb26b0020 RCX: 0000000000000020
[    0.000000] RDX: 0000000000000f80 RSI: ffff9d119feb8400 RDI: 0000000000000000
[    0.000000] RBP: ffffffffb2203f18 R08: 0000000000000001 R09: 0000000000000000
[    0.000000] R10: 0000000000000f80 R11: ffff9d119feb3b40 R12: 0000000000000000
[    0.000000] R13: 0000000000000000 R14: 0000000000000000 R15: 0000000000010000
[    0.000000] FS:  0000000000000000(0000) GS:ffff9d119f400000(0000) knlGS:0000000000000000
[    0.000000] CS:  0010 DS: 0000 ES: 0000 CR0: 0000000080050033
[    0.000000] CR2: ffffffffffffffd6 CR3: 0000000012232001 CR4: 00000000000200b0
[    0.000000] Kernel panic - not syncing: Fatal exception
[    0.000000] BUG: kernel NULL pointer dereference, address: 0000000000000000
[    0.000000] #PF: supervisor instruction fetch in kernel mode
[    0.000000] #PF: error_code(0x0010) - not-present page
[    0.000000] PGD 0 P4D 0 
[    0.000000] Oops: 0010 [#12] PREEMPT SMP PTI
[    0.000000] CPU: 0 PID: 0 Comm: swapper/0 Tainted: G      D            6.6.114.1-microsoft-standard-WSL2 #1
[    0.000000] RIP: 0010:0x0
[    0.000000] Code: Unable to access opcode bytes at 0xffffffffffffffd6.
[    0.000000] RSP: 0000:ffffffffb22020b0 EFLAGS: 00010046
[    0.000000] RAX: 0000000000000000 RBX: ffffffffb194fae1 RCX: 0000000000000000
[    0.000000] RDX: 0000000000000000 RSI: 0000000000000000 RDI: 0000000000000000
[    0.000000] RBP: ffffffffb22020b8 R08: 0000000000000000 R09: ffffffffb2201f08
[    0.000000] R10: 0000000000000003 R11: ffffffffb2353128 R12: 0000000000000000
[    0.000000] R13: 0000000000000000 R14: 0000000000000000 R15: 0000000000000065
[    0.000000] FS:  0000000000000000(0000) GS:ffff9d119f400000(0000) knlGS:0000000000000000
[    0.000000] CS:  0010 DS: 0000 ES: 0000 CR0: 0000000080050033
[    0.000000] CR2: ffffffffffffffd6 CR3: 0000000012232001 CR4: 00000000000200b0
[    0.000000] Call Trace:
[    0.000000]  <TASK>
[    0.000000]  efi_reboot+0x3f/0x80
[    0.000000]  native_machine_emergency_restart+0x195/0x1e0
[    0.000000]  machine_emergency_restart+0x23/0x30
[    0.000000]  emergency_restart+0x26/0x30
[    0.000000]  panic+0x21f/0x330
[    0.000000]  oops_end+0xb2/0xf0
[    0.000000]  page_fault_oops+0x187/0x460
[    0.000000]  do_user_addr_fault+0x2e3/0x610
[    0.000000]  exc_page_fault+0x76/0x160
[    0.000000]  asm_exc_page_fault+0x2b/0x30
[    0.000000] RIP: 0010:0x0
[    0.000000] Code: Unable to access opcode bytes at 0xffffffffffffffd6.
[    0.000000] RSP: 0000:ffffffffb2202370 EFLAGS: 00010046
[    0.000000] RAX: 0000000000000000 RBX: ffffffffb194fae1 RCX: 0000000000000000
[    0.000000] RDX: 0000000000000000 RSI: 0000000000000000 RDI: 0000000000000000
[    0.000000] RBP: ffffffffb2202378 R08: 0000000000000000 R09: ffffffffb22021c8
[    0.000000] R10: 0000000000000003 R11: ffffffffb2353128 R12: 0000000000000000
[    0.000000] R13: 0000000000000000 R14: 0000000000000000 R15: 0000000000000065
[    0.000000]  ? efi_reboot+0x3f/0x80
[    0.000000]  ? native_machine_emergency_restart+0x195/0x1e0
[    0.000000]  ? machine_emergency_restart+0x23/0x30
[    0.000000]  ? emergency_restart+0x26/0x30
[    0.000000]  ? panic+0x21f/0x330
[    0.000000]  ? oops_end+0xb2/0xf0
[    0.000000]  ? page_fault_oops+0x187/0x460
[    0.000000]  ? do_user_addr_fault+0x2e3/0x610
[    0.000000]  ? exc_page_fault+0x76/0x160
[    0.000000]  ? asm_exc_page_fault+0x2b/0x30
[    0.000000]  ? efi_reboot+0x3f/0x80
[    0.000000]  ? native_machine_emergency_restart+0x195/0x1e0
[    0.000000]  ? machine_emergency_restart+0x23/0x30
[    0.000000]  ? emergency_restart+0x26/0x30
[    0.000000]  ? panic+0x21f/0x330
[    0.000000]  ? oops_end+0xb2/0xf0
[    0.000000]  ? page_fault_oops+0x187/0x460
[    0.000000]  ? do_user_addr_fault+0x2e3/0x610
[    0.000000]  ? exc_page_fault+0x76/0x160
[    0.000000]  ? asm_exc_page_fault+0x2b/0x30
[    0.000000]  ? efi_reboot+0x3f/0x80
[    0.000000]  ? native_machine_emergency_restart+0x195/0x1e0
[    0.000000]  ? machine_emergency_restart+0x23/0x30
[    0.000000]  ? emergency_restart+0x26/0x30
[    0.000000]  ? panic+0x21f/0x330
[    0.000000]  ? oops_end+0xb2/0xf0
[    0.000000]  ? page_fault_oops+0x187/0x460
[    0.000000]  ? do_user_addr_fault+0x2e3/0x610
[    0.000000]  ? exc_page_fault+0x76/0x160
[    0.000000]  ? asm_exc_page_fault+0x2b/0x30
[    0.000000]  ? efi_reboot+0x3f/0x80
[    0.000000]  ? native_machine_emergency_restart+0x195/0x1e0
[    0.000000]  ? machine_emergency_restart+0x23/0x30
[    0.000000]  ? emergency_restart+0x26/0x30
[    0.000000]  ? panic+0x21f/0x330
[    0.000000]  ? oops_end+0xb2/0xf0
[    0.000000]  ? page_fault_oops+0x187/0x460
[    0.000000]  ? do_user_addr_fault+0x2e3/0x610
[    0.000000]  ? exc_page_fault+0x76/0x160
[    0.000000]  ? asm_exc_page_fault+0x2b/0x30
[    0.000000]  ? efi_reboot+0x3f/0x80
[    0.000000]  ? native_machine_emergency_restart+0x195/0x1e0
[    0.000000]  ? machine_emergency_restart+0x23/0x30
[    0.000000]  ? emergency_restart+0x26/0x30
[    0.000000]  ? panic+0x21f/0x330
[    0.000000]  ? oops_end+0xb2/0xf0
[    0.000000]  ? page_fault_oops+0x187/0x460
[    0.000000]  ? do_user_addr_fault+0x2e3/0x610
[    0.000000]  ? exc_page_fault+0x76/0x160
[    0.000000]  ? asm_exc_page_fault+0x2b/0x30
[    0.000000]  ? efi_reboot+0x3f/0x80
[    0.000000]  ? native_machine_emergency_restart+0x195/0x1e0
[    0.000000]  ? machine_emergency_restart+0x23/0x30
[    0.000000]  ? emergency_restart+0x26/0x30
[    0.000000]  ? panic+0x21f/0x330
[    0.000000]  ? oops_end+0xb2/0xf0
[    0.000000]  ? page_fault_oops+0x187/0x460
[    0.000000]  ? do_user_addr_fault+0x2e3/0x610
[    0.000000]  ? exc_page_fault+0x76/0x160
[    0.000000]  ? asm_exc_page_fault+0x2b/0x30
[    0.000000]  ? efi_reboot+0x3f/0x80
[    0.000000]  ? native_machine_emergency_restart+0x195/0x1e0
[    0.000000]  ? machine_emergency_restart+0x23/0x30
[    0.000000]  ? emergency_restart+0x26/0x30
[    0.000000]  ? panic+0x21f/0x330
[    0.000000]  ? oops_end+0xb2/0xf0
[    0.000000]  ? page_fault_oops+0x187/0x460
[    0.000000]  ? do_user_addr_fault+0x2e3/0x610
[    0.000000]  ? exc_page_fault+0x76/0x160
[    0.000000]  ? asm_exc_page_fault+0x2b/0x30
[    0.000000]  ? efi_reboot+0x3f/0x80
[    0.000000]  ? native_machine_emergency_restart+0x195/0x1e0
[    0.000000]  ? machine_emergency_restart+0x23/0x30
[    0.000000]  ? emergency_restart+0x26/0x30
[    0.000000]  ? panic+0x21f/0x330
[    0.000000]  ? oops_end+0xb2/0xf0
[    0.000000]  ? page_fault_oops+0x187/0x460
[    0.000000]  ? do_user_addr_fault+0x2e3/0x610
[    0.000000]  ? exc_page_fault+0x76/0x160
[    0.000000]  ? asm_exc_page_fault+0x2b/0x30
[    0.000000]  ? efi_reboot+0x3f/0x80
[    0.000000]  ? native_machine_emergency_restart+0x195/0x1e0
[    0.000000]  ? machine_emergency_restart+0x23/0x30
[    0.000000]  ? emergency_restart+0x26/0x30
[    0.000000]  ? panic+0x21f/0x330
[    0.000000]  ? oops_end+0xb2/0xf0
[    0.000000]  ? page_fault_oops+0x187/0x460
[    0.000000]  ? do_user_addr_fault+0x2e3/0x610
[    0.000000]  ? exc_page_fault+0x76/0x160
[    0.000000]  ? asm_exc_page_fault+0x2b/0x30
[    0.000000]  ? efi_reboot+0x3f/0x80
[    0.000000]  ? native_machine_emergency_restart+0x195/0x1e0
[    0.000000]  ? machine_emergency_restart+0x23/0x30
[    0.000000]  ? emergency_restart+0x26/0x30
[    0.000000]  ? panic+0x21f/0x330
[    0.000000]  ? oops_end+0xb2/0xf0
[    0.000000]  ? die+0x83/0x90
[    0.000000]  ? do_trap+0xc8/0xe0
[    0.000000]  ? do_error_trap+0x73/0xa0
[    0.000000]  ? its_return_thunk+0x10/0x10
[    0.000000]  ? exc_divide_error+0x3e/0x60
[    0.000000]  ? its_return_thunk+0x10/0x10
[    0.000000]  ? asm_exc_divide_error+0x1f/0x30
[    0.000000]  ? its_return_thunk+0x10/0x10
[    0.000000]  ? start_kernel+0x345/0x790
[    0.000000]  ? x86_64_start_reservations+0x25/0x40
[    0.000000]  ? x86_64_start_kernel+0x7f/0x80
[    0.000000]  ? secondary_startup_64_no_verify+0x17d/0x18b
[    0.000000]  </TASK>
[    0.000000] Modules linked in:
[    0.000000] CR2: 0000000000000000
[    0.000000] ---[ end trace 0000000000000000 ]---
[    0.000000] RIP: 0010:__x86_return_thunk+0x0/0x10
[    0.000000] Code: cc cc cc cc cc cc cc cc cc cc cc cc cc cc cc cc cc cc cc cc cc cc cc cc cc cc c3 cc 66 66 2e 0f 1f 84 00 00 00 00 00 0f 1f 00 <c3> cc cc cc cc cc cc cc cc cc cc cc cc cc cc cc e9 cb 2a f8 fe 0f
[    0.000000] RSP: 0000:ffffffffb2203ee0 EFLAGS: 00000246
[    0.000000] RAX: 0000000000000046 RBX: ffffffffb26b0020 RCX: 0000000000000020
[    0.000000] RDX: 0000000000000f80 RSI: ffff9d119feb8400 RDI: 0000000000000000
[    0.000000] RBP: ffffffffb2203f18 R08: 0000000000000001 R09: 0000000000000000
[    0.000000] R10: 0000000000000f80 R11: ffff9d119feb3b40 R12: 0000000000000000
[    0.000000] R13: 0000000000000000 R14: 0000000000000000 R15: 0000000000010000
[    0.000000] FS:  0000000000000000(0000) GS:ffff9d119f400000(0000) knlGS:0000000000000000
[    0.000000] CS:  0010 DS: 0000 ES: 0000 CR0: 0000000080050033
[    0.000000] CR2: ffffffffffffffd6 CR3: 0000000012232001 CR4: 00000000000200b0
[    0.000000] Kernel panic - not syncing: Fatal exception
[    0.000000] BUG: kernel NULL pointer dereference, address: 0000000000000000
[    0.000000] #PF: supervisor instruction fetch in kernel mode
[    0.000000] #PF: error_code(0x0010) - not-present page
[    0.000000] PGD 0 P4D 0 
[    0.000000] Oops: 0010 [#13] PREEMPT SMP PTI
[    0.000000] CPU: 0 PID: 0 Comm: swapper/0 Tainted: G      D            6.6.114.1-microsoft-standard-WSL2 #1
[    0.000000] RIP: 0010:0x0
[    0.000000] Code: Unable to access opcode bytes at 0xffffffffffffffd6.
[    0.000000] RSP: 0000:ffffffffb2201df0 EFLAGS: 00010046
[    0.000000] RAX: 0000000000000000 RBX: ffffffffb194fae1 RCX: 0000000000000000
[    0.000000] RDX: 0000000000000000 RSI: 0000000000000000 RDI: 0000000000000000
[    0.000000] RBP: ffffffffb2201df8 R08: 0000000000000000 R09: ffffffffb2201c48
[    0.000000] R10: 0000000000000003 R11: ffffffffb2353128 R12: 0000000000000000
[    0.000000] R13: 0000000000000000 R14: 0000000000000000 R15: 0000000000000065
[    0.000000] FS:  0000000000000000(0000) GS:ffff9d119f400000(0000) knlGS:0000000000000000
[    0.000000] CS:  0010 DS: 0000 ES: 0000 CR0: 0000000080050033
[    0.000000] CR2: ffffffffffffffd6 CR3: 0000000012232001 CR4: 00000000000200b0
[    0.000000] Call Trace:
[    0.000000]  <TASK>
[    0.000000]  efi_reboot+0x3f/0x80
[    0.000000]  native_machine_emergency_restart+0x195/0x1e0
[    0.000000]  machine_emergency_restart+0x23/0x30
[    0.000000]  emergency_restart+0x26/0x30
[    0.000000]  panic+0x21f/0x330
[    0.000000]  oops_end+0xb2/0xf0
[    0.000000]  page_fault_oops+0x187/0x460
[    0.000000]  do_user_addr_fault+0x2e3/0x610
[    0.000000]  exc_page_fault+0x76/0x160
[    0.000000]  asm_exc_page_fault+0x2b/0x30
[    0.000000] RIP: 0010:0x0
[    0.000000] Code: Unable to access opcode bytes at 0xffffffffffffffd6.
[    0.000000] RSP: 0000:ffffffffb22020b0 EFLAGS: 00010046
[    0.000000] RAX: 0000000000000000 RBX: ffffffffb194fae1 RCX: 0000000000000000
[    0.000000] RDX: 0000000000000000 RSI: 0000000000000000 RDI: 0000000000000000
[    0.000000] RBP: ffffffffb22020b8 R08: 0000000000000000 R09: ffffffffb2201f08
[    0.000000] R10: 0000000000000003 R11: ffffffffb2353128 R12: 0000000000000000
[    0.000000] R13: 0000000000000000 R14: 0000000000000000 R15: 0000000000000065
[    0.000000]  ? efi_reboot+0x3f/0x80
[    0.000000]  ? native_machine_emergency_restart+0x195/0x1e0
[    0.000000]  ? machine_emergency_restart+0x23/0x30
[    0.000000]  ? emergency_restart+0x26/0x30
[    0.000000]  ? panic+0x21f/0x330
[    0.000000]  ? oops_end+0xb2/0xf0
[    0.000000]  ? page_fault_oops+0x187/0x460
[    0.000000]  ? do_user_addr_fault+0x2e3/0x610
[    0.000000]  ? exc_page_fault+0x76/0x160
[    0.000000]  ? asm_exc_page_fault+0x2b/0x30
[    0.000000]  ? efi_reboot+0x3f/0x80
[    0.000000]  ? native_machine_emergency_restart+0x195/0x1e0
[    0.000000]  ? machine_emergency_restart+0x23/0x30
[    0.000000]  ? emergency_restart+0x26/0x30
[    0.000000]  ? panic+0x21f/0x330
[    0.000000]  ? oops_end+0xb2/0xf0
[    0.000000]  ? page_fault_oops+0x187/0x460
[    0.000000]  ? do_user_addr_fault+0x2e3/0x610
[    0.000000]  ? exc_page_fault+0x76/0x160
[    0.000000]  ? asm_exc_page_fault+0x2b/0x30
[    0.000000]  ? efi_reboot+0x3f/0x80
[    0.000000]  ? native_machine_emergency_restart+0x195/0x1e0
[    0.000000]  ? machine_emergency_restart+0x23/0x30
[    0.000000]  ? emergency_restart+0x26/0x30
[    0.000000]  ? panic+0x21f/0x330
[    0.000000]  ? oops_end+0xb2/0xf0
[    0.000000]  ? page_fault_oops+0x187/0x460
[    0.000000]  ? do_user_addr_fault+0x2e3/0x610
[    0.000000]  ? exc_page_fault+0x76/0x160
[    0.000000]  ? asm_exc_page_fault+0x2b/0x30
[    0.000000]  ? efi_reboot+0x3f/0x80
[    0.000000]  ? native_machine_emergency_restart+0x195/0x1e0
[    0.000000]  ? machine_emergency_restart+0x23/0x30
[    0.000000]  ? emergency_restart+0x26/0x30
[    0.000000]  ? panic+0x21f/0x330
[    0.000000]  ? oops_end+0xb2/0xf0
[    0.000000]  ? page_fault_oops+0x187/0x460
[    0.000000]  ? do_user_addr_fault+0x2e3/0x610
[    0.000000]  ? exc_page_fault+0x76/0x160
[    0.000000]  ? asm_exc_page_fault+0x2b/0x30
[    0.000000]  ? efi_reboot+0x3f/0x80
[    0.000000]  ? native_machine_emergency_restart+0x195/0x1e0
[    0.000000]  ? machine_emergency_restart+0x23/0x30
[    0.000000]  ? emergency_restart+0x26/0x30
[    0.000000]  ? panic+0x21f/0x330
[    0.000000]  ? oops_end+0xb2/0xf0
[    0.000000]  ? page_fault_oops+0x187/0x460
[    0.000000]  ? do_user_addr_fault+0x2e3/0x610
[    0.000000]  ? exc_page_fault+0x76/0x160
[    0.000000]  ? asm_exc_page_fault+0x2b/0x30
[    0.000000]  ? efi_reboot+0x3f/0x80
[    0.000000]  ? native_machine_emergency_restart+0x195/0x1e0
[    0.000000]  ? machine_emergency_restart+0x23/0x30
[    0.000000]  ? emergency_restart+0x26/0x30
[    0.000000]  ? panic+0x21f/0x330
[    0.000000]  ? oops_end+0xb2/0xf0
[    0.000000]  ? page_fault_oops+0x187/0x460
[    0.000000]  ? do_user_addr_fault+0x2e3/0x610
[    0.000000]  ? exc_page_fault+0x76/0x160
[    0.000000]  ? asm_exc_page_fault+0x2b/0x30
[    0.000000]  ? efi_reboot+0x3f/0x80
[    0.000000]  ? native_machine_emergency_restart+0x195/0x1e0
[    0.000000]  ? machine_emergency_restart+0x23/0x30
[    0.000000]  ? emergency_restart+0x26/0x30
[    0.000000]  ? panic+0x21f/0x330
[    0.000000]  ? oops_end+0xb2/0xf0
[    0.000000]  ? page_fault_oops+0x187/0x460
[    0.000000]  ? do_user_addr_fault+0x2e3/0x610
[    0.000000]  ? exc_page_fault+0x76/0x160
[    0.000000]  ? asm_exc_page_fault+0x2b/0x30
[    0.000000]  ? efi_reboot+0x3f/0x80
[    0.000000]  ? native_machine_emergency_restart+0x195/0x1e0
[    0.000000]  ? machine_emergency_restart+0x23/0x30
[    0.000000]  ? emergency_restart+0x26/0x30
[    0.000000]  ? panic+0x21f/0x330
[    0.000000]  ? oops_end+0xb2/0xf0
[    0.000000]  ? page_fault_oops+0x187/0x460
[    0.000000]  ? do_user_addr_fault+0x2e3/0x610
[    0.000000]  ? exc_page_fault+0x76/0x160
[    0.000000]  ? asm_exc_page_fault+0x2b/0x30
[    0.000000]  ? efi_reboot+0x3f/0x80
[    0.000000]  ? native_machine_emergency_restart+0x195/0x1e0
[    0.000000]  ? machine_emergency_restart+0x23/0x30
[    0.000000]  ? emergency_restart+0x26/0x30
[    0.000000]  ? panic+0x21f/0x330
[    0.000000]  ? oops_end+0xb2/0xf0
[    0.000000]  ? page_fault_oops+0x187/0x460
[    0.000000]  ? do_user_addr_fault+0x2e3/0x610
[    0.000000]  ? exc_page_fault+0x76/0x160
[    0.000000]  ? asm_exc_page_fault+0x2b/0x30
[    0.000000]  ? efi_reboot+0x3f/0x80
[    0.000000]  ? native_machine_emergency_restart+0x195/0x1e0
[    0.000000]  ? machine_emergency_restart+0x23/0x30
[    0.000000]  ? emergency_restart+0x26/0x30
[    0.000000]  ? panic+0x21f/0x330
[    0.000000]  ? oops_end+0xb2/0xf0
[    0.000000]  ? page_fault_oops+0x187/0x460
[    0.000000]  ? do_user_addr_fault+0x2e3/0x610
[    0.000000]  ? exc_page_fault+0x76/0x160
[    0.000000]  ? asm_exc_page_fault+0x2b/0x30
[    0.000000]  ? efi_reboot+0x3f/0x80
[    0.000000]  ? native_machine_emergency_restart+0x195/0x1e0
[    0.000000]  ? machine_emergency_restart+0x23/0x30
[    0.000000]  ? emergency_restart+0x26/0x30
[    0.000000]  ? panic+0x21f/0x330
[    0.000000]  ? oops_end+0xb2/0xf0
[    0.000000]  ? die+0x83/0x90
[    0.000000]  ? do_trap+0xc8/0xe0
[    0.000000]  ? do_error_trap+0x73/0xa0
[    0.000000]  ? its_return_thunk+0x10/0x10
[    0.000000]  ? exc_divide_error+0x3e/0x60
[    0.000000]  ? its_return_thunk+0x10/0x10
[    0.000000]  ? asm_exc_divide_error+0x1f/0x30
[    0.000000]  ? its_return_thunk+0x10/0x10
[    0.000000]  ? start_kernel+0x345/0x790
[    0.000000]  ? x86_64_start_reservations+0x25/0x40
[    0.000000]  ? x86_64_start_kernel+0x7f/0x80
[    0.000000]  ? secondary_startup_64_no_verify+0x17d/0x18b
[    0.000000]  </TASK>
[    0.000000] Modules linked in:
[    0.000000] CR2: 0000000000000000
[    0.000000] ---[ end trace 0000000000000000 ]---
[    0.000000] RIP: 0010:__x86_return_thunk+0x0/0x10
[    0.000000] Code: cc cc cc cc cc cc cc cc cc cc cc cc cc cc cc cc cc cc cc cc cc cc cc cc cc cc c3 cc 66 66 2e 0f 1f 84 00 00 00 00 00 0f 1f 00 <c3> cc cc cc cc cc cc cc cc cc cc cc cc cc cc cc e9 cb 2a f8 fe 0f
[    0.000000] RSP: 0000:ffffffffb2203ee0 EFLAGS: 00000246
[    0.000000] RAX: 0000000000000046 RBX: ffffffffb26b0020 RCX: 0000000000000020
[    0.000000] RDX: 0000000000000f80 RSI: ffff9d119feb8400 RDI: 0000000000000000
[    0.000000] RBP: ffffffffb2203f18 R08: 0000000000000001 R09: 0000000000000000
[    0.000000] R10: 0000000000000f80 R11: ffff9d119feb3b40 R12: 0000000000000000
[    0.000000] R13: 0000000000000000 R14: 0000000000000000 R15: 0000000000010000
[    0.000000] FS:  0000000000000000(0000) GS:ffff9d119f400000(0000) knlGS:0000000000000000
[    0.000000] CS:  0010 DS: 0000 ES: 0000 CR0: 0000000080050033
[    0.000000] CR2: ffffffffffffffd6 CR3: 0000000012232001 CR4: 00000000000200b0
[    0.000000] Kernel panic - not syncing: Fatal exception
[    0.000000] BUG: kernel NULL pointer dereference, address: 0000000000000000
[    0.000000] #PF: supervisor instruction fetch in kernel mode
[    0.000000] #PF: error_code(0x0010) - not-present page
[    0.000000] PGD 0 P4D 0 
[    0.000000] Oops: 0010 [#14] PREEMPT SMP PTI
[    0.000000] CPU: 0 PID: 0 Comm: swapper/0 Tainted: G      D            6.6.114.1-microsoft-standard-WSL2 #1
[    0.000000] RIP: 0010:0x0
[    0.000000] Code: Unable to access opcode bytes at 0xffffffffffffffd6.
[    0.000000] RSP: 0000:ffffffffb2201b30 EFLAGS: 00010046
[    0.000000] RAX: 0000000000000000 RBX: ffffffffb194fae1 RCX: 0000000000000000
[    0.000000] RDX: 0000000000000000 RSI: 0000000000000000 RDI: 0000000000000000
[    0.000000] RBP: ffffffffb2201b38 R08: 0000000000000000 R09: ffffffffb2201988
[    0.000000] R10: 0000000000000003 R11: ffffffffb2353128 R12: 0000000000000000
[    0.000000] R13: 0000000000000000 R14: 0000000000000000 R15: 0000000000000065
[    0.000000] FS:  0000000000000000(0000) GS:ffff9d119f400000(0000) knlGS:0000000000000000
[    0.000000] CS:  0010 DS: 0000 ES: 0000 CR0: 0000000080050033
[    0.000000] CR2: ffffffffffffffd6 CR3: 0000000012232001 CR4: 00000000000200b0
[    0.000000] Call Trace:
[    0.000000]  <TASK>
[    0.000000]  efi_reboot+0x3f/0x80
[    0.000000]  native_machine_emergency_restart+0x195/0x1e0
[    0.000000]  machine_emergency_restart+0x23/0x30
[    0.000000]  emergency_restart+0x26/0x30
[    0.000000]  panic+0x21f/0x330
[    0.000000]  oops_end+0xb2/0xf0
[    0.000000]  page_fault_oops+0x187/0x460
[    0.000000]  do_user_addr_fault+0x2e3/0x610
[    0.000000]  exc_page_fault+0x76/0x160
[    0.000000]  asm_exc_page_fault+0x2b/0x30
[    0.000000] RIP: 0010:0x0
[    0.000000] Code: Unable to access opcode bytes at 0xffffffffffffffd6.
[    0.000000] RSP: 0000:ffffffffb2201df0 EFLAGS: 00010046
[    0.000000] RAX: 0000000000000000 RBX: ffffffffb194fae1 RCX: 0000000000000000
[    0.000000] RDX: 0000000000000000 RSI: 0000000000000000 RDI: 0000000000000000
[    0.000000] RBP: ffffffffb2201df8 R08: 0000000000000000 R09: ffffffffb2201c48
[    0.000000] R10: 0000000000000003 R11: ffffffffb2353128 R12: 0000000000000000
[    0.000000] R13: 0000000000000000 R14: 0000000000000000 R15: 0000000000000065
[    0.000000]  ? efi_reboot+0x3f/0x80
[    0.000000]  ? native_machine_emergency_restart+0x195/0x1e0
[    0.000000]  ? machine_emergency_restart+0x23/0x30
[    0.000000]  ? emergency_restart+0x26/0x30
[    0.000000]  ? panic+0x21f/0x330
[    0.000000]  ? oops_end+0xb2/0xf0
[    0.000000]  ? page_fault_oops+0x187/0x460
[    0.000000]  ? do_user_addr_fault+0x2e3/0x610
[    0.000000]  ? exc_page_fault+0x76/0x160
[    0.000000]  ? asm_exc_page_fault+0x2b/0x30
[    0.000000]  ? efi_reboot+0x3f/0x80
[    0.000000]  ? native_machine_emergency_restart+0x195/0x1e0
[    0.000000]  ? machine_emergency_restart+0x23/0x30
[    0.000000]  ? emergency_restart+0x26/0x30
[    0.000000]  ? panic+0x21f/0x330
[    0.000000]  ? oops_end+0xb2/0xf0
[    0.000000]  ? page_fault_oops+0x187/0x460
[    0.000000]  ? do_user_addr_fault+0x2e3/0x610
[    0.000000]  ? exc_page_fault+0x76/0x160
[    0.000000]  ? asm_exc_page_fault+0x2b/0x30
[    0.000000]  ? efi_reboot+0x3f/0x80
[    0.000000]  ? native_machine_emergency_restart+0x195/0x1e0
[    0.000000]  ? machine_emergency_restart+0x23/0x30
[    0.000000]  ? emergency_restart+0x26/0x30
[    0.000000]  ? panic+0x21f/0x330
[    0.000000]  ? oops_end+0xb2/0xf0
[    0.000000]  ? page_fault_oops+0x187/0x460
[    0.000000]  ? do_user_addr_fault+0x2e3/0x610
[    0.000000]  ? exc_page_fault+0x76/0x160
[    0.000000]  ? asm_exc_page_fault+0x2b/0x30
[    0.000000]  ? efi_reboot+0x3f/0x80
[    0.000000]  ? native_machine_emergency_restart+0x195/0x1e0
[    0.000000]  ? machine_emergency_restart+0x23/0x30
[    0.000000]  ? emergency_restart+0x26/0x30
[    0.000000]  ? panic+0x21f/0x330
[    0.000000]  ? oops_end+0xb2/0xf0
[    0.000000]  ? page_fault_oops+0x187/0x460
[    0.000000]  ? do_user_addr_fault+0x2e3/0x610
[    0.000000]  ? exc_page_fault+0x76/0x160
[    0.000000]  ? asm_exc_page_fault+0x2b/0x30
[    0.000000]  ? efi_reboot+0x3f/0x80
[    0.000000]  ? native_machine_emergency_restart+0x195/0x1e0
[    0.000000]  ? machine_emergency_restart+0x23/0x30
[    0.000000]  ? emergency_restart+0x26/0x30
[    0.000000]  ? panic+0x21f/0x330
[    0.000000]  ? oops_end+0xb2/0xf0
[    0.000000]  ? page_fault_oops+0x187/0x460
[    0.000000]  ? do_user_addr_fault+0x2e3/0x610
[    0.000000]  ? exc_page_fault+0x76/0x160
[    0.000000]  ? asm_exc_page_fault+0x2b/0x30
[    0.000000]  ? efi_reboot+0x3f/0x80
[    0.000000]  ? native_machine_emergency_restart+0x195/0x1e0
[    0.000000]  ? machine_emergency_restart+0x23/0x30
[    0.000000]  ? emergency_restart+0x26/0x30
[    0.000000]  ? panic+0x21f/0x330
[    0.000000]  ? oops_end+0xb2/0xf0
[    0.000000]  ? page_fault_oops+0x187/0x460
[    0.000000]  ? do_user_addr_fault+0x2e3/0x610
[    0.000000]  ? exc_page_fault+0x76/0x160
[    0.000000]  ? asm_exc_page_fault+0x2b/0x30
[    0.000000]  ? efi_reboot+0x3f/0x80
[    0.000000]  ? native_machine_emergency_restart+0x195/0x1e0
[    0.000000]  ? machine_emergency_restart+0x23/0x30
[    0.000000]  ? emergency_restart+0x26/0x30
[    0.000000]  ? panic+0x21f/0x330
[    0.000000]  ? oops_end+0xb2/0xf0
[    0.000000]  ? page_fault_oops+0x187/0x460
[    0.000000]  ? do_user_addr_fault+0x2e3/0x610
[    0.000000]  ? exc_page_fault+0x76/0x160
[    0.000000]  ? asm_exc_page_fault+0x2b/0x30
[    0.000000]  ? efi_reboot+0x3f/0x80
[    0.000000]  ? native_machine_emergency_restart+0x195/0x1e0
[    0.000000]  ? machine_emergency_restart+0x23/0x30
[    0.000000]  ? emergency_restart+0x26/0x30
[    0.000000]  ? panic+0x21f/0x330
[    0.000000]  ? oops_end+0xb2/0xf0
[    0.000000]  ? page_fault_oops+0x187/0x460
[    0.000000]  ? do_user_addr_fault+0x2e3/0x610
[    0.000000]  ? exc_page_fault+0x76/0x160
[    0.000000]  ? asm_exc_page_fault+0x2b/0x30
[    0.000000]  ? efi_reboot+0x3f/0x80
[    0.000000]  ? native_machine_emergency_restart+0x195/0x1e0
[    0.000000]  ? machine_emergency_restart+0x23/0x30
[    0.000000]  ? emergency_restart+0x26/0x30
[    0.000000]  ? panic+0x21f/0x330
[    0.000000]  ? oops_end+0xb2/0xf0
[    0.000000]  ? page_fault_oops+0x187/0x460
[    0.000000]  ? do_user_addr_fault+0x2e3/0x610
[    0.000000]  ? exc_page_fault+0x76/0x160
[    0.000000]  ? asm_exc_page_fault+0x2b/0x30
[    0.000000]  ? efi_reboot+0x3f/0x80
[    0.000000]  ? native_machine_emergency_restart+0x195/0x1e0
[    0.000000]  ? machine_emergency_restart+0x23/0x30
[    0.000000]  ? emergency_restart+0x26/0x30
[    0.000000]  ? panic+0x21f/0x330
[    0.000000]  ? oops_end+0xb2/0xf0
[    0.000000]  ? page_fault_oops+0x187/0x460
[    0.000000]  ? do_user_addr_fault+0x2e3/0x610
[    0.000000]  ? exc_page_fault+0x76/0x160
[    0.000000]  ? asm_exc_page_fault+0x2b/0x30
[    0.000000]  ? efi_reboot+0x3f/0x80
[    0.000000]  ? native_machine_emergency_restart+0x195/0x1e0
[    0.000000]  ? machine_emergency_restart+0x23/0x30
[    0.000000]  ? emergency_restart+0x26/0x30
[    0.000000]  ? panic+0x21f/0x330
[    0.000000]  ? oops_end+0xb2/0xf0
[    0.000000]  ? page_fault_oops+0x187/0x460
[    0.000000]  ? do_user_addr_fault+0x2e3/0x610
[    0.000000]  ? exc_page_fault+0x76/0x160
[    0.000000]  ? asm_exc_page_fault+0x2b/0x30
[    0.000000]  ? efi_reboot+0x3f/0x80
[    0.000000]  ? native_machine_emergency_restart+0x195/0x1e0
[    0.000000]  ? machine_emergency_restart+0x23/0x30
[    0.000000]  ? emergency_restart+0x26/0x30
[    0.000000]  ? panic+0x21f/0x330
[    0.000000]  ? oops_end+0xb2/0xf0
[    0.000000]  ? die+0x83/0x90
[    0.000000]  ? do_trap+0xc8/0xe0
[    0.000000]  ? do_error_trap+0x73/0xa0
[    0.000000]  ? its_return_thunk+0x10/0x10
[    0.000000]  ? exc_divide_error+0x3e/0x60
[    0.000000]  ? its_return_thunk+0x10/0x10
[    0.000000]  ? asm_exc_divide_error+0x1f/0x30
[    0.000000]  ? its_return_thunk+0x10/0x10
[    0.000000]  ? start_kernel+0x345/0x790
[    0.000000]  ? x86_64_start_reservations+0x25/0x40
[    0.000000]  ? x86_64_start_kernel+0x7f/0x80
[    0.000000]  ? secondary_startup_64_no_verify+0x17d/0x18b
[    0.000000]  </TASK>
[    0.000000] Modules linked in:
[    0.000000] CR2: 0000000000000000
[    0.000000] ---[ end trace 0000000000000000 ]---
[    0.000000] RIP: 0010:__x86_return_thunk+0x0/0x10
[    0.000000] Code: cc cc cc cc cc cc cc cc cc cc cc cc cc cc cc cc cc cc cc cc cc cc cc cc cc cc c3 cc 66 66 2e 0f 1f 84 00 00 00 00 00 0f 1f 00 <c3> cc cc cc cc cc cc cc cc cc cc cc cc cc cc cc e9 cb 2a f8 fe 0f
[    0.000000] RSP: 0000:ffffffffb2203ee0 EFLAGS: 00000246
[    0.000000] RAX: 0000000000000046 RBX: ffffffffb26b0020 RCX: 0000000000000020
[    0.000000] RDX: 0000000000000f80 RSI: ffff9d119feb8400 RDI: 0000000000000000
[    0.000000] RBP: ffffffffb2203f18 R08: 0000000000000001 R09: 0000000000000000
[    0.000000] R10: 0000000000000f80 R11: ffff9d119feb3b40 R12: 0000000000000000
[    0.000000] R13: 0000000000000000 R14: 0000000000000000 R15: 0000000000010000
[    0.000000] FS:  0000000000000000(0000) GS:ffff9d119f400000(0000) knlGS:0000000000000000
[    0.000000] CS:  0010 DS: 0000 ES: 0000 CR0: 0000000080050033
[    0.000000] CR2: ffffffffffffffd6 CR3: 0000000012232001 CR4: 00000000000200b0
[    0.000000] Kernel panic - not syncing: Fatal exception
[    0.000000] BUG: kernel NULL pointer dereference, address: 0000000000000000
[    0.000000] #PF: supervisor instruction fetch in kernel mode
[    0.000000] #PF: error_code(0x0010) - not-present page
[    0.000000] PGD 0 P4D 0 
[    0.000000] Oops: 0010 [#15] PREEMPT SMP PTI
[    0.000000] CPU: 0 PID: 0 Comm: swapper/0 Tainted: G      D            6.6.114.1-microsoft-standard-WSL2 #1
[    0.000000] RIP: 0010:0x0
[    0.000000] Code: Unable to access opcode bytes at 0xffffffffffffffd6.
[    0.000000] RSP: 0000:ffffffffb2201870 EFLAGS: 00010046
[    0.000000] RAX: 0000000000000000 RBX: ffffffffb194fae1 RCX: 0000000000000000
[    0.000000] RDX: 0000000000000000 RSI: 0000000000000000 RDI: 0000000000000000
[    0.000000] RBP: ffffffffb2201878 R08: 0000000000000000 R09: ffffffffb22016c8
[    0.000000] R10: 0000000000000003 R11: ffffffffb2353128 R12: 0000000000000000
[    0.000000] R13: 0000000000000000 R14: 0000000000000000 R15: 0000000000000065
[    0.000000] FS:  0000000000000000(0000) GS:ffff9d119f400000(0000) knlGS:0000000000000000
[    0.000000] CS:  0010 DS: 0000 ES: 0000 CR0: 0000000080050033
[    0.000000] CR2: ffffffffffffffd6 CR3: 0000000012232001 CR4: 00000000000200b0
[    0.000000] Call Trace:
[    0.000000]  <TASK>
[    0.000000]  efi_reboot+0x3f/0x80
[    0.000000]  native_machine_emergency_restart+0x195/0x1e0
[    0.000000]  machine_emergency_restart+0x23/0x30
[    0.000000]  emergency_restart+0x26/0x30
[    0.000000]  panic+0x21f/0x330
[    0.000000]  oops_end+0xb2/0xf0
[    0.000000]  page_fault_oops+0x187/0x460
[    0.000000]  do_user_addr_fault+0x2e3/0x610
[    0.000000]  exc_page_fault+0x76/0x160
[    0.000000]  asm_exc_page_fault+0x2b/0x30
[    0.000000] RIP: 0010:0x0
[    0.000000] Code: Unable to access opcode bytes at 0xffffffffffffffd6.
[    0.000000] RSP: 0000:ffffffffb2201b30 EFLAGS: 00010046
[    0.000000] RAX: 0000000000000000 RBX: ffffffffb194fae1 RCX: 0000000000000000
[    0.000000] RDX: 0000000000000000 RSI: 0000000000000000 RDI: 0000000000000000
[    0.000000] RBP: ffffffffb2201b38 R08: 0000000000000000 R09: ffffffffb2201988
[    0.000000] R10: 0000000000000003 R11: ffffffffb2353128 R12: 0000000000000000
[    0.000000] R13: 0000000000000000 R14: 0000000000000000 R15: 0000000000000065
[    0.000000]  ? efi_reboot+0x3f/0x80
[    0.000000]  ? native_machine_emergency_restart+0x195/0x1e0
[    0.000000]  ? machine_emergency_restart+0x23/0x30
[    0.000000]  ? emergency_restart+0x26/0x30
[    0.000000]  ? panic+0x21f/0x330
[    0.000000]  ? oops_end+0xb2/0xf0
[    0.000000]  ? page_fault_oops+0x187/0x460
[    0.000000]  ? do_user_addr_fault+0x2e3/0x610
[    0.000000]  ? exc_page_fault+0x76/0x160
[    0.000000]  ? asm_exc_page_fault+0x2b/0x30
[    0.000000]  ? efi_reboot+0x3f/0x80
[    0.000000]  ? native_machine_emergency_restart+0x195/0x1e0
[    0.000000]  ? machine_emergency_restart+0x23/0x30
[    0.000000]  ? emergency_restart+0x26/0x30
[    0.000000]  ? panic+0x21f/0x330
[    0.000000]  ? oops_end+0xb2/0xf0
[    0.000000]  ? page_fault_oops+0x187/0x460
[    0.000000]  ? do_user_addr_fault+0x2e3/0x610
[    0.000000]  ? exc_page_fault+0x76/0x160
[    0.000000]  ? asm_exc_page_fault+0x2b/0x30
[    0.000000]  ? efi_reboot+0x3f/0x80
[    0.000000]  ? native_machine_emergency_restart+0x195/0x1e0
[    0.000000]  ? machine_emergency_restart+0x23/0x30
[    0.000000]  ? emergency_restart+0x26/0x30
[    0.000000]  ? panic+0x21f/0x330
[    0.000000]  ? oops_end+0xb2/0xf0
[    0.000000]  ? page_fault_oops+0x187/0x460
[    0.000000]  ? do_user_addr_fault+0x2e3/0x610
[    0.000000]  ? exc_page_fault+0x76/0x160
[    0.000000]  ? asm_exc_page_fault+0x2b/0x30
[    0.000000]  ? efi_reboot+0x3f/0x80
[    0.000000]  ? native_machine_emergency_restart+0x195/0x1e0
[    0.000000]  ? machine_emergency_restart+0x23/0x30
[    0.000000]  ? emergency_restart+0x26/0x30
[    0.000000]  ? panic+0x21f/0x330
[    0.000000]  ? oops_end+0xb2/0xf0
[    0.000000]  ? page_fault_oops+0x187/0x460
[    0.000000]  ? do_user_addr_fault+0x2e3/0x610
[    0.000000]  ? exc_page_fault+0x76/0x160
[    0.000000]  ? asm_exc_page_fault+0x2b/0x30
[    0.000000]  ? efi_reboot+0x3f/0x80
[    0.000000]  ? native_machine_emergency_restart+0x195/0x1e0
[    0.000000]  ? machine_emergency_restart+0x23/0x30
[    0.000000]  ? emergency_restart+0x26/0x30
[    0.000000]  ? panic+0x21f/0x330
[    0.000000]  ? oops_end+0xb2/0xf0
[    0.000000]  ? page_fault_oops+0x187/0x460
[    0.000000]  ? do_user_addr_fault+0x2e3/0x610
[    0.000000]  ? exc_page_fault+0x76/0x160
[    0.000000]  ? asm_exc_page_fault+0x2b/0x30
[    0.000000]  ? efi_reboot+0x3f/0x80
[    0.000000]  ? native_machine_emergency_restart+0x195/0x1e0
[    0.000000]  ? machine_emergency_restart+0x23/0x30
[    0.000000]  ? emergency_restart+0x26/0x30
[    0.000000]  ? panic+0x21f/0x330
[    0.000000]  ? oops_end+0xb2/0xf0
[    0.000000]  ? page_fault_oops+0x187/0x460
[    0.000000]  ? do_user_addr_fault+0x2e3/0x610
[    0.000000]  ? exc_page_fault+0x76/0x160
[    0.000000]  ? asm_exc_page_fault+0x2b/0x30
[    0.000000]  ? efi_reboot+0x3f/0x80
[    0.000000]  ? native_machine_emergency_restart+0x195/0x1e0
[    0.000000]  ? machine_emergency_restart+0x23/0x30
[    0.000000]  ? emergency_restart+0x26/0x30
[    0.000000]  ? panic+0x21f/0x330
[    0.000000]  ? oops_end+0xb2/0xf0
[    0.000000]  ? page_fault_oops+0x187/0x460
[    0.000000]  ? do_user_addr_fault+0x2e3/0x610
[    0.000000]  ? exc_page_fault+0x76/0x160
[    0.000000]  ? asm_exc_page_fault+0x2b/0x30
[    0.000000]  ? efi_reboot+0x3f/0x80
[    0.000000]  ? native_machine_emergency_restart+0x195/0x1e0
[    0.000000]  ? machine_emergency_restart+0x23/0x30
[    0.000000]  ? emergency_restart+0x26/0x30
[    0.000000]  ? panic+0x21f/0x330
[    0.000000]  ? oops_end+0xb2/0xf0
[    0.000000]  ? page_fault_oops+0x187/0x460
[    0.000000]  ? do_user_addr_fault+0x2e3/0x610
[    0.000000]  ? exc_page_fault+0x76/0x160
[    0.000000]  ? asm_exc_page_fault+0x2b/0x30
[    0.000000]  ? efi_reboot+0x3f/0x80
[    0.000000]  ? native_machine_emergency_restart+0x195/0x1e0
[    0.000000]  ? machine_emergency_restart+0x23/0x30
[    0.000000]  ? emergency_restart+0x26/0x30
[    0.000000]  ? panic+0x21f/0x330
[    0.000000]  ? oops_end+0xb2/0xf0
[    0.000000]  ? page_fault_oops+0x187/0x460
[    0.000000]  ? do_user_addr_fault+0x2e3/0x610
[    0.000000]  ? exc_page_fault+0x76/0x160
[    0.000000]  ? asm_exc_page_fault+0x2b/0x30
[    0.000000]  ? efi_reboot+0x3f/0x80
[    0.000000]  ? native_machine_emergency_restart+0x195/0x1e0
[    0.000000]  ? machine_emergency_restart+0x23/0x30
[    0.000000]  ? emergency_restart+0x26/0x30
[    0.000000]  ? panic+0x21f/0x330
[    0.000000]  ? oops_end+0xb2/0xf0
[    0.000000]  ? page_fault_oops+0x187/0x460
[    0.000000]  ? do_user_addr_fault+0x2e3/0x610
[    0.000000]  ? exc_page_fault+0x76/0x160
[    0.000000]  ? asm_exc_page_fault+0x2b/0x30
[    0.000000]  ? efi_reboot+0x3f/0x80
[    0.000000]  ? native_machine_emergency_restart+0x195/0x1e0
[    0.000000]  ? machine_emergency_restart+0x23/0x30
[    0.000000]  ? emergency_restart+0x26/0x30
[    0.000000]  ? panic+0x21f/0x330
[    0.000000]  ? oops_end+0xb2/0xf0
[    0.000000]  ? page_fault_oops+0x187/0x460
[    0.000000]  ? do_user_addr_fault+0x2e3/0x610
[    0.000000]  ? exc_page_fault+0x76/0x160
[    0.000000]  ? asm_exc_page_fault+0x2b/0x30
[    0.000000]  ? efi_reboot+0x3f/0x80
[    0.000000]  ? native_machine_emergency_restart+0x195/0x1e0
[    0.000000]  ? machine_emergency_restart+0x23/0x30
[    0.000000]  ? emergency_restart+0x26/0x30
[    0.000000]  ? panic+0x21f/0x330
[    0.000000]  ? oops_end+0xb2/0xf0
[    0.000000]  ? page_fault_oops+0x187/0x460
[    0.000000]  ? do_user_addr_fault+0x2e3/0x610
[    0.000000]  ? exc_page_fault+0x76/0x160
[    0.000000]  ? asm_exc_page_fault+0x2b/0x30
[    0.000000]  ? efi_reboot+0x3f/0x80
[    0.000000]  ? native_machine_emergency_restart+0x195/0x1e0
[    0.000000]  ? machine_emergency_restart+0x23/0x30
[    0.000000]  ? emergency_restart+0x26/0x30
[    0.000000]  ? panic+0x21f/0x330
[    0.000000]  ? oops_end+0xb2/0xf0
[    0.000000]  ? die+0x83/0x90
[    0.000000]  ? do_trap+0xc8/0xe0
[    0.000000]  ? do_error_trap+0x73/0xa0
[    0.000000]  ? its_return_thunk+0x10/0x10
[    0.000000]  ? exc_divide_error+0x3e/0x60
[    0.000000]  ? its_return_thunk+0x10/0x10
[    0.000000]  ? asm_exc_divide_error+0x1f/0x30
[    0.000000]  ? its_return_thunk+0x10/0x10
[    0.000000]  ? start_kernel+0x345/0x790
[    0.000000]  ? x86_64_start_reservations+0x25/0x40
[    0.000000]  ? x86_64_start_kernel+0x7f/0x80
[    0.000000]  ? secondary_startup_64_no_verify+0x17d/0x18b
[    0.000000]  </TASK>
[    0.000000] Modules linked in:
[    0.000000] CR2: 0000000000000000
[    0.000000] ---[ end trace 0000000000000000 ]---
[    0.000000] RIP: 0010:__x86_return_thunk+0x0/0x10
[    0.000000] Code: cc cc cc cc cc cc cc cc cc cc cc cc cc cc cc cc cc cc cc cc cc cc cc cc cc cc c3 cc 66 66 2e 0f 1f 84 00 00 00 00 00 0f 1f 00 <c3> cc cc cc cc cc cc cc cc cc cc cc cc cc cc cc e9 cb 2a f8 fe 0f
[    0.000000] RSP: 0000:ffffffffb2203ee0 EFLAGS: 00000246
[    0.000000] RAX: 0000000000000046 RBX: ffffffffb26b0020 RCX: 0000000000000020
[    0.000000] RDX: 0000000000000f80 RSI: ffff9d119feb8400 RDI: 0000000000000000
[    0.000000] RBP: ffffffffb2203f18 R08: 0000000000000001 R09: 0000000000000000
[    0.000000] R10: 0000000000000f80 R11: ffff9d119feb3b40 R12: 0000000000000000
[    0.000000] R13: 0000000000000000 R14: 0000000000000000 R15: 0000000000010000
[    0.000000] FS:  0000000000000000(0000) GS:ffff9d119f400000(0000) knlGS:0000000000000000
[    0.000000] CS:  0010 DS: 0000 ES: 0000 CR0: 0000000080050033
[    0.000000] CR2: ffffffffffffffd6 CR3: 0000000012232001 CR4: 00000000000200b0
[    0.000000] Kernel panic - not syncing: Fatal exception
[    0.000000] BUG: kernel NULL pointer dereference, address: 0000000000000000
[    0.000000] #PF: supervisor instruction fetch in kernel mode
[    0.000000] #PF: error_code(0x0010) - not-present page
[    0.000000] PGD 0 P4D 0 
[    0.000000] Oops: 0010 [#16] PREEMPT SMP PTI
[    0.000000] CPU: 0 PID: 0 Comm: swapper/0 Tainted: G      D            6.6.114.1-microsoft-standard-WSL2 #1
[    0.000000] RIP: 0010:0x0
[    0.000000] Code: Unable to access opcode bytes at 0xffffffffffffffd6.
[    0.000000] RSP: 0000:ffffffffb22015b0 EFLAGS: 00010046
[    0.000000] RAX: 0000000000000000 RBX: ffffffffb194fae1 RCX: 0000000000000000
[    0.000000] RDX: 0000000000000000 RSI: 0000000000000000 RDI: 0000000000000000
[    0.000000] RBP: ffffffffb22015b8 R08: 0000000000000000 R09: ffffffffb2201408
[    0.000000] R10: 0000000000000003 R11: ffffffffb2353128 R12: 0000000000000000
[    0.000000] R13: 0000000000000000 R14: 0000000000000000 R15: 0000000000000065
[    0.000000] FS:  0000000000000000(0000) GS:ffff9d119f400000(0000) knlGS:0000000000000000
[    0.000000] CS:  0010 DS: 0000 ES: 0000 CR0: 0000000080050033
[    0.000000] CR2: ffffffffffffffd6 CR3: 0000000012232001 CR4: 00000000000200b0
[    0.000000] Call Trace:
[    0.000000]  <TASK>
[    0.000000]  efi_reboot+0x3f/0x80
[    0.000000]  native_machine_emergency_restart+0x195/0x1e0
[    0.000000]  machine_emergency_restart+0x23/0x30
[    0.000000]  emergency_restart+0x26/0x30
[    0.000000]  panic+0x21f/0x330
[    0.000000]  oops_end+0xb2/0xf0
[    0.000000]  page_fault_oops+0x187/0x460
[    0.000000]  do_user_addr_fault+0x2e3/0x610
[    0.000000]  exc_page_fault+0x76/0x160
[    0.000000]  asm_exc_page_fault+0x2b/0x30
[    0.000000] RIP: 0010:0x0
[    0.000000] Code: Unable to access opcode bytes at 0xffffffffffffffd6.
[    0.000000] RSP: 0000:ffffffffb2201870 EFLAGS: 00010046
[    0.000000] RAX: 0000000000000000 RBX: ffffffffb194fae1 RCX: 0000000000000000
[    0.000000] RDX: 0000000000000000 RSI: 0000000000000000 RDI: 0000000000000000
[    0.000000] RBP: ffffffffb2201878 R08: 0000000000000000 R09: ffffffffb22016c8
[    0.000000] R10: 0000000000000003 R11: ffffffffb2353128 R12: 0000000000000000
[    0.000000] R13: 0000000000000000 R14: 0000000000000000 R15: 0000000000000065
[    0.000000]  ? efi_reboot+0x3f/0x80
[    0.000000]  ? native_machine_emergency_restart+0x195/0x1e0
[    0.000000]  ? machine_emergency_restart+0x23/0x30
[    0.000000]  ? emergency_restart+0x26/0x30
[    0.000000]  ? panic+0x21f/0x330
[    0.000000]  ? oops_end+0xb2/0xf0
[    0.000000]  ? page_fault_oops+0x187/0x460
[    0.000000]  ? do_user_addr_fault+0x2e3/0x610
[    0.000000]  ? exc_page_fault+0x76/0x160
[    0.000000]  ? asm_exc_page_fault+0x2b/0x30
[    0.000000]  ? efi_reboot+0x3f/0x80
[    0.000000]  ? native_machine_emergency_restart+0x195/0x1e0
[    0.000000]  ? machine_emergency_restart+0x23/0x30
[    0.000000]  ? emergency_restart+0x26/0x30
[    0.000000]  ? panic+0x21f/0x330
[    0.000000]  ? oops_end+0xb2/0xf0
[    0.000000]  ? page_fault_oops+0x187/0x460
[    0.000000]  ? do_user_addr_fault+0x2e3/0x610
[    0.000000]  ? exc_page_fault+0x76/0x160
[    0.000000]  ? asm_exc_page_fault+0x2b/0x30
[    0.000000]  ? efi_reboot+0x3f/0x80
[    0.000000]  ? native_machine_emergency_restart+0x195/0x1e0
[    0.000000]  ? machine_emergency_restart+0x23/0x30
[    0.000000]  ? emergency_restart+0x26/0x30
[    0.000000]  ? panic+0x21f/0x330
[    0.000000]  ? oops_end+0xb2/0xf0
[    0.000000]  ? page_fault_oops+0x187/0x460
[    0.000000]  ? do_user_addr_fault+0x2e3/0x610
[    0.000000]  ? exc_page_fault+0x76/0x160
[    0.000000]  ? asm_exc_page_fault+0x2b/0x30
[    0.000000]  ? efi_reboot+0x3f/0x80
[    0.000000]  ? native_machine_emergency_restart+0x195/0x1e0
[    0.000000]  ? machine_emergency_restart+0x23/0x30
[    0.000000]  ? emergency_restart+0x26/0x30
[    0.000000]  ? panic+0x21f/0x330
[    0.000000]  ? oops_end+0xb2/0xf0
[    0.000000]  ? page_fault_oops+0x187/0x460
[    0.000000]  ? do_user_addr_fault+0x2e3/0x610
[    0.000000]  ? exc_page_fault+0x76/0x160
[    0.000000]  ? asm_exc_page_fault+0x2b/0x30
[    0.000000]  ? efi_reboot+0x3f/0x80
[    0.000000]  ? native_machine_emergency_restart+0x195/0x1e0
[    0.000000]  ? machine_emergency_restart+0x23/0x30
[    0.000000]  ? emergency_restart+0x26/0x30
[    0.000000]  ? panic+0x21f/0x330
[    0.000000]  ? oops_end+0xb2/0xf0
[    0.000000]  ? page_fault_oops+0x187/0x460
[    0.000000]  ? do_user_addr_fault+0x2e3/0x610
[    0.000000]  ? exc_page_fault+0x76/0x160
[    0.000000]  ? asm_exc_page_fault+0x2b/0x30
[    0.000000]  ? efi_reboot+0x3f/0x80
[    0.000000]  ? native_machine_emergency_restart+0x195/0x1e0
[    0.000000]  ? machine_emergency_restart+0x23/0x30
[    0.000000]  ? emergency_restart+0x26/0x30
[    0.000000]  ? panic+0x21f/0x330
[    0.000000]  ? oops_end+0xb2/0xf0
[    0.000000]  ? page_fault_oops+0x187/0x460
[    0.000000]  ? do_user_addr_fault+0x2e3/0x610
[    0.000000]  ? exc_page_fault+0x76/0x160
[    0.000000]  ? asm_exc_page_fault+0x2b/0x30
[    0.000000]  ? efi_reboot+0x3f/0x80
[    0.000000]  ? native_machine_emergency_restart+0x195/0x1e0
[    0.000000]  ? machine_emergency_restart+0x23/0x30
[    0.000000]  ? emergency_restart+0x26/0x30
[    0.000000]  ? panic+0x21f/0x330
[    0.000000]  ? oops_end+0xb2/0xf0
[    0.000000]  ? page_fault_oops+0x187/0x460
[    0.000000]  ? do_user_addr_fault+0x2e3/0x610
[    0.000000]  ? exc_page_fault+0x76/0x160
[    0.000000]  ? asm_exc_page_fault+0x2b/0x30
[    0.000000]  ? efi_reboot+0x3f/0x80
[    0.000000]  ? native_machine_emergency_restart+0x195/0x1e0
[    0.000000]  ? machine_emergency_restart+0x23/0x30
[    0.000000]  ? emergency_restart+0x26/0x30
[    0.000000]  ? panic+0x21f/0x330
[    0.000000]  ? oops_end+0xb2/0xf0
[    0.000000]  ? page_fault_oops+0x187/0x460
[    0.000000]  ? do_user_addr_fault+0x2e3/0x610
[    0.000000]  ? exc_page_fault+0x76/0x160
[    0.000000]  ? asm_exc_page_fault+0x2b/0x30
[    0.000000]  ? efi_reboot+0x3f/0x80
[    0.000000]  ? native_machine_emergency_restart+0x195/0x1e0
[    0.000000]  ? machine_emergency_restart+0x23/0x30
[    0.000000]  ? emergency_restart+0x26/0x30
[    0.000000]  ? panic+0x21f/0x330
[    0.000000]  ? oops_end+0xb2/0xf0
[    0.000000]  ? page_fault_oops+0x187/0x460
[    0.000000]  ? do_user_addr_fault+0x2e3/0x610
[    0.000000]  ? exc_page_fault+0x76/0x160
[    0.000000]  ? asm_exc_page_fault+0x2b/0x30
[    0.000000]  ? efi_reboot+0x3f/0x80
[    0.000000]  ? native_machine_emergency_restart+0x195/0x1e0
[    0.000000]  ? machine_emergency_restart+0x23/0x30
[    0.000000]  ? emergency_restart+0x26/0x30
[    0.000000]  ? panic+0x21f/0x330
[    0.000000]  ? oops_end+0xb2/0xf0
[    0.000000]  ? page_fault_oops+0x187/0x460
[    0.000000]  ? do_user_addr_fault+0x2e3/0x610
[    0.000000]  ? exc_page_fault+0x76/0x160
[    0.000000]  ? asm_exc_page_fault+0x2b/0x30
[    0.000000]  ? efi_reboot+0x3f/0x80
[    0.000000]  ? native_machine_emergency_restart+0x195/0x1e0
[    0.000000]  ? machine_emergency_restart+0x23/0x30
[    0.000000]  ? emergency_restart+0x26/0x30
[    0.000000]  ? panic+0x21f/0x330
[    0.000000]  ? oops_end+0xb2/0xf0
[    0.000000]  ? page_fault_oops+0x187/0x460
[    0.000000]  ? do_user_addr_fault+0x2e3/0x610
[    0.000000]  ? exc_page_fault+0x76/0x160
[    0.000000]  ? asm_exc_page_fault+0x2b/0x30
[    0.000000]  ? efi_reboot+0x3f/0x80
[    0.000000]  ? native_machine_emergency_restart+0x195/0x1e0
[    0.000000]  ? machine_emergency_restart+0x23/0x30
[    0.000000]  ? emergency_restart+0x26/0x30
[    0.000000]  ? panic+0x21f/0x330
[    0.000000]  ? oops_end+0xb2/0xf0
[    0.000000]  ? page_fault_oops+0x187/0x460
[    0.000000]  ? do_user_addr_fault+0x2e3/0x610
[    0.000000]  ? exc_page_fault+0x76/0x160
[    0.000000]  ? asm_exc_page_fault+0x2b/0x30
[    0.000000]  ? efi_reboot+0x3f/0x80
[    0.000000]  ? native_machine_emergency_restart+0x195/0x1e0
[    0.000000]  ? machine_emergency_restart+0x23/0x30
[    0.000000]  ? emergency_restart+0x26/0x30
[    0.000000]  ? panic+0x21f/0x330
[    0.000000]  ? oops_end+0xb2/0xf0
[    0.000000]  ? page_fault_oops+0x187/0x460
[    0.000000]  ? do_user_addr_fault+0x2e3/0x610
[    0.000000]  ? exc_page_fault+0x76/0x160
[    0.000000]  ? asm_exc_page_fault+0x2b/0x30
[    0.000000]  ? efi_reboot+0x3f/0x80
[    0.000000]  ? native_machine_emergency_restart+0x195/0x1e0
[    0.000000]  ? machine_emergency_restart+0x23/0x30
[    0.000000]  ? emergency_restart+0x26/0x30
[    0.000000]  ? panic+0x21f/0x330
[    0.000000]  ? oops_end+0xb2/0xf0
[    0.000000]  ? die+0x83/0x90
[    0.000000]  ? do_trap+0xc8/0xe0
[    0.000000]  ? do_error_trap+0x73/0xa0
[    0.000000]  ? its_return_thunk+0x10/0x10
[    0.000000]  ? exc_divide_error+0x3e/0x60
[    0.000000]  ? its_return_thunk+0x10/0x10
[    0.000000]  ? asm_exc_divide_error+0x1f/0x30
[    0.000000]  ? its_return_thunk+0x10/0x10
[    0.000000]  ? start_kernel+0x345/0x790
[    0.000000]  ? x86_64_start_reservations+0x25/0x40
[    0.000000]  ? x86_64_start_kernel+0x7f/0x80
[    0.000000]  ? secondary_startup_64_no_verify+0x17d/0x18b
[    0.000000]  </TASK>
[    0.000000] Modules linked in:
[    0.000000] CR2: 0000000000000000
[    0.000000] ---[ end trace 0000000000000000 ]---
[    0.000000] RIP: 0010:__x86_return_thunk+0x0/0x10
[    0.000000] Code: cc cc cc cc cc cc cc cc cc cc cc cc cc cc cc cc cc cc cc cc cc cc cc cc cc cc c3 cc 66 66 2e 0f 1f 84 00 00 00 00 00 0f 1f 00 <c3> cc cc cc cc cc cc cc cc cc cc cc cc cc cc cc e9 cb 2a f8 fe 0f
[    0.000000] RSP: 0000:ffffffffb2203ee0 EFLAGS: 00000246
[    0.000000] RAX: 0000000000000046 RBX: ffffffffb26b0020 RCX: 0000000000000020
[    0.000000] RDX: 0000000000000f80 RSI: ffff9d119feb8400 RDI: 0000000000000000
[    0.000000] RBP: ffffffffb2203f18 R08: 0000000000000001 R09: 0000000000000000
[    0.000000] R10: 0000000000000f80 R11: ffff9d119feb3b40 R12: 0000000000000000
[    0.000000] R13: 0000000000000000 R14: 0000000000000000 R15: 0000000000010000
[    0.000000] FS:  0000000000000000(0000) GS:ffff9d119f400000(0000) knlGS:0000000000000000
[    0.000000] CS:  0010 DS: 0000 ES: 0000 CR0: 0000000080050033
[    0.000000] CR2: ffffffffffffffd6 CR3: 0000000012232001 CR4: 00000000000200b0
[    0.000000] Kernel panic - not syncing: Fatal exception
[    0.000000] BUG: kernel NULL pointer dereference, address: 0000000000000000
[    0.000000] #PF: supervisor instruction fetch in kernel mode
[    0.000000] #PF: error_code(0x0010) - not-present page
[    0.000000] PGD 0 P4D 0 
[    0.000000] Oops: 0010 [#17] PREEMPT SMP PTI
[    0.000000] CPU: 0 PID: 0 Comm: swapper/0 Tainted: G      D            6.6.114.1-microsoft-standard-WSL2 #1
[    0.000000] RIP: 0010:0x0
[    0.000000] Code: Unable to access opcode bytes at 0xffffffffffffffd6.
[    0.000000] RSP: 0000:ffffffffb22012f0 EFLAGS: 00010046
[    0.000000] RAX: 0000000000000000 RBX: ffffffffb194fae1 RCX: 0000000000000000
[    0.000000] RDX: 0000000000000000 RSI: 0000000000000000 RDI: 0000000000000000
[    0.000000] RBP: ffffffffb22012f8 R08: 0000000000000000 R09: ffffffffb2201148
[    0.000000] R10: 0000000000000003 R11: ffffffffb2353128 R12: 0000000000000000
[    0.000000] R13: 0000000000000000 R14: 0000000000000000 R15: 0000000000000065
[    0.000000] FS:  0000000000000000(0000) GS:ffff9d119f400000(0000) knlGS:0000000000000000
[    0.000000] CS:  0010 DS: 0000 ES: 0000 CR0: 0000000080050033
[    0.000000] CR2: ffffffffffffffd6 CR3: 0000000012232001 CR4: 00000000000200b0
[    0.000000] Call Trace:
[    0.000000]  <TASK>
[    0.000000]  efi_reboot+0x3f/0x80
[    0.000000]  native_machine_emergency_restart+0x195/0x1e0
[    0.000000]  machine_emergency_restart+0x23/0x30
[    0.000000]  emergency_restart+0x26/0x30
[    0.000000]  panic+0x21f/0x330
[    0.000000]  oops_end+0xb2/0xf0
[    0.000000]  page_fault_oops+0x187/0x460
[    0.000000]  do_user_addr_fault+0x2e3/0x610
[    0.000000]  exc_page_fault+0x76/0x160
[    0.000000]  asm_exc_page_fault+0x2b/0x30
[    0.000000] RIP: 0010:0x0
[    0.000000] Code: Unable to access opcode bytes at 0xffffffffffffffd6.
[    0.000000] RSP: 0000:ffffffffb22015b0 EFLAGS: 00010046
[    0.000000] RAX: 0000000000000000 RBX: ffffffffb194fae1 RCX: 0000000000000000
[    0.000000] RDX: 0000000000000000 RSI: 0000000000000000 RDI: 0000000000000000
[    0.000000] RBP: ffffffffb22015b8 R08: 0000000000000000 R09: ffffffffb2201408
[    0.000000] R10: 0000000000000003 R11: ffffffffb2353128 R12: 0000000000000000
[    0.000000] R13: 0000000000000000 R14: 0000000000000000 R15: 0000000000000065
[    0.000000]  ? efi_reboot+0x3f/0x80
[    0.000000]  ? native_machine_emergency_restart+0x195/0x1e0
[    0.000000]  ? machine_emergency_restart+0x23/0x30
[    0.000000]  ? emergency_restart+0x26/0x30
[    0.000000]  ? panic+0x21f/0x330
[    0.000000]  ? oops_end+0xb2/0xf0
[    0.000000]  ? page_fault_oops+0x187/0x460
[    0.000000]  ? do_user_addr_fault+0x2e3/0x610
[    0.000000]  ? exc_page_fault+0x76/0x160
[    0.000000]  ? asm_exc_page_fault+0x2b/0x30
[    0.000000]  ? efi_reboot+0x3f/0x80
[    0.000000]  ? native_machine_emergency_restart+0x195/0x1e0
[    0.000000]  ? machine_emergency_restart+0x23/0x30
[    0.000000]  ? emergency_restart+0x26/0x30
[    0.000000]  ? panic+0x21f/0x330
[    0.000000]  ? oops_end+0xb2/0xf0
[    0.000000]  ? page_fault_oops+0x187/0x460
[    0.000000]  ? do_user_addr_fault+0x2e3/0x610
[    0.000000]  ? exc_page_fault+0x76/0x160
[    0.000000]  ? asm_exc_page_fault+0x2b/0x30
[    0.000000]  ? efi_reboot+0x3f/0x80
[    0.000000]  ? native_machine_emergency_restart+0x195/0x1e0
[    0.000000]  ? machine_emergency_restart+0x23/0x30
[    0.000000]  ? emergency_restart+0x26/0x30
[    0.000000]  ? panic+0x21f/0x330
[    0.000000]  ? oops_end+0xb2/0xf0
[    0.000000]  ? page_fault_oops+0x187/0x460
[    0.000000]  ? do_user_addr_fault+0x2e3/0x610
[    0.000000]  ? exc_page_fault+0x76/0x160
[    0.000000]  ? asm_exc_page_fault+0x2b/0x30
[    0.000000]  ? efi_reboot+0x3f/0x80
[    0.000000]  ? native_machine_emergency_restart+0x195/0x1e0
[    0.000000]  ? machine_emergency_restart+0x23/0x30
[    0.000000]  ? emergency_restart+0x26/0x30
[    0.000000]  ? panic+0x21f/0x330
[    0.000000]  ? oops_end+0xb2/0xf0
[    0.000000]  ? page_fault_oops+0x187/0x460
[    0.000000]  ? do_user_addr_fault+0x2e3/0x610
[    0.000000]  ? exc_page_fault+0x76/0x160
[    0.000000]  ? asm_exc_page_fault+0x2b/0x30
[    0.000000]  ? efi_reboot+0x3f/0x80
[    0.000000]  ? native_machine_emergency_restart+0x195/0x1e0
[    0.000000]  ? machine_emergency_restart+0x23/0x30
[    0.000000]  ? emergency_restart+0x26/0x30
[    0.000000]  ? panic+0x21f/0x330
[    0.000000]  ? oops_end+0xb2/0xf0
[    0.000000]  ? page_fault_oops+0x187/0x460
[    0.000000]  ? do_user_addr_fault+0x2e3/0x610
[    0.000000]  ? exc_page_fault+0x76/0x160
[    0.000000]  ? asm_exc_page_fault+0x2b/0x30
[    0.000000]  ? efi_reboot+0x3f/0x80
[    0.000000]  ? native_machine_emergency_restart+0x195/0x1e0
[    0.000000]  ? machine_emergency_restart+0x23/0x30
[    0.000000]  ? emergency_restart+0x26/0x30
[    0.000000]  ? panic+0x21f/0x330
[    0.000000]  ? oops_end+0xb2/0xf0
[    0.000000]  ? page_fault_oops+0x187/0x460
[    0.000000]  ? do_user_addr_fault+0x2e3/0x610
[    0.000000]  ? exc_page_fault+0x76/0x160
[    0.000000]  ? asm_exc_page_fault+0x2b/0x30
[    0.000000]  ? efi_reboot+0x3f/0x80
[    0.000000]  ? native_machine_emergency_restart+0x195/0x1e0
[    0.000000]  ? machine_emergency_restart+0x23/0x30
[    0.000000]  ? emergency_restart+0x26/0x30
[    0.000000]  ? panic+0x21f/0x330
[    0.000000]  ? oops_end+0xb2/0xf0
[    0.000000]  ? page_fault_oops+0x187/0x460
[    0.000000]  ? do_user_addr_fault+0x2e3/0x610
[    0.000000]  ? exc_page_fault+0x76/0x160
[    0.000000]  ? asm_exc_page_fault+0x2b/0x30
[    0.000000]  ? efi_reboot+0x3f/0x80
[    0.000000]  ? native_machine_emergency_restart+0x195/0x1e0
[    0.000000]  ? machine_emergency_restart+0x23/0x30
[    0.000000]  ? emergency_restart+0x26/0x30
[    0.000000]  ? panic+0x21f/0x330
[    0.000000]  ? oops_end+0xb2/0xf0
[    0.000000]  ? page_fault_oops+0x187/0x460
[    0.000000]  ? do_user_addr_fault+0x2e3/0x610
[    0.000000]  ? exc_page_fault+0x76/0x160
[    0.000000]  ? asm_exc_page_fault+0x2b/0x30
[    0.000000]  ? efi_reboot+0x3f/0x80
[    0.000000]  ? native_machine_emergency_restart+0x195/0x1e0
[    0.000000]  ? machine_emergency_restart+0x23/0x30
[    0.000000]  ? emergency_restart+0x26/0x30
[    0.000000]  ? panic+0x21f/0x330
[    0.000000]  ? oops_end+0xb2/0xf0
[    0.000000]  ? page_fault_oops+0x187/0x460
[    0.000000]  ? do_user_addr_fault+0x2e3/0x610
[    0.000000]  ? exc_page_fault+0x76/0x160
[    0.000000]  ? asm_exc_page_fault+0x2b/0x30
[    0.000000]  ? efi_reboot+0x3f/0x80
[    0.000000]  ? native_machine_emergency_restart+0x195/0x1e0
[    0.000000]  ? machine_emergency_restart+0x23/0x30
[    0.000000]  ? emergency_restart+0x26/0x30
[    0.000000]  ? panic+0x21f/0x330
[    0.000000]  ? oops_end+0xb2/0xf0
[    0.000000]  ? page_fault_oops+0x187/0x460
[    0.000000]  ? do_user_addr_fault+0x2e3/0x610
[    0.000000]  ? exc_page_fault+0x76/0x160
[    0.000000]  ? asm_exc_page_fault+0x2b/0x30
[    0.000000]  ? efi_reboot+0x3f/0x80
[    0.000000]  ? native_machine_emergency_restart+0x195/0x1e0
[    0.000000]  ? machine_emergency_restart+0x23/0x30
[    0.000000]  ? emergency_restart+0x26/0x30
[    0.000000]  ? panic+0x21f/0x330
[    0.000000]  ? oops_end+0xb2/0xf0
[    0.000000]  ? page_fault_oops+0x187/0x460
[    0.000000]  ? do_user_addr_fault+0x2e3/0x610
[    0.000000]  ? exc_page_fault+0x76/0x160
[    0.000000]  ? asm_exc_page_fault+0x2b/0x30
[    0.000000]  ? efi_reboot+0x3f/0x80
[    0.000000]  ? native_machine_emergency_restart+0x195/0x1e0
[    0.000000]  ? machine_emergency_restart+0x23/0x30
[    0.000000]  ? emergency_restart+0x26/0x30
[    0.000000]  ? panic+0x21f/0x330
[    0.000000]  ? oops_end+0xb2/0xf0
[    0.000000]  ? page_fault_oops+0x187/0x460
[    0.000000]  ? do_user_addr_fault+0x2e3/0x610
[    0.000000]  ? exc_page_fault+0x76/0x160
[    0.000000]  ? asm_exc_page_fault+0x2b/0x30
[    0.000000]  ? efi_reboot+0x3f/0x80
[    0.000000]  ? native_machine_emergency_restart+0x195/0x1e0
[    0.000000]  ? machine_emergency_restart+0x23/0x30
[    0.000000]  ? emergency_restart+0x26/0x30
[    0.000000]  ? panic+0x21f/0x330
[    0.000000]  ? oops_end+0xb2/0xf0
[    0.000000]  ? page_fault_oops+0x187/0x460
[    0.000000]  ? do_user_addr_fault+0x2e3/0x610
[    0.000000]  ? exc_page_fault+0x76/0x160
[    0.000000]  ? asm_exc_page_fault+0x2b/0x30
[    0.000000]  ? efi_reboot+0x3f/0x80
[    0.000000]  ? native_machine_emergency_restart+0x195/0x1e0
[    0.000000]  ? machine_emergency_restart+0x23/0x30
[    0.000000]  ? emergency_restart+0x26/0x30
[    0.000000]  ? panic+0x21f/0x330
[    0.000000]  ? oops_end+0xb2/0xf0
[    0.000000]  ? page_fault_oops+0x187/0x460
[    0.000000]  ? do_user_addr_fault+0x2e3/0x610
[    0.000000]  ? exc_page_fault+0x76/0x160
[    0.000000]  ? asm_exc_page_fault+0x2b/0x30
[    0.000000]  ? efi_reboot+0x3f/0x80
[    0.000000]  ? native_machine_emergency_restart+0x195/0x1e0
[    0.000000]  ? machine_emergency_restart+0x23/0x30
[    0.000000]  ? emergency_restart+0x26/0x30
[    0.000000]  ? panic+0x21f/0x330
[    0.000000]  ? oops_end+0xb2/0xf0
[    0.000000]  ? die+0x83/0x90
[    0.000000]  ? do_trap+0xc8/0xe0
[    0.000000]  ? do_error_trap+0x73/0xa0
[    0.000000]  ? its_return_thunk+0x10/0x10
[    0.000000]  ? exc_divide_error+0x3e/0x60
[    0.000000]  ? its_return_thunk+0x10/0x10
[    0.000000]  ? asm_exc_divide_error+0x1f/0x30
[    0.000000]  ? its_return_thunk+0x10/0x10
[    0.000000]  ? start_kernel+0x345/0x790
[    0.000000]  ? x86_64_start_reservations+0x25/0x40
[    0.000000]  ? x86_64_start_kernel+0x7f/0x80
[    0.000000]  ? secondary_startup_64_no_verify+0x17d/0x18b
[    0.000000]  </TASK>
[    0.000000] Modules linked in:
[    0.000000] CR2: 0000000000000000
[    0.000000] ---[ end trace 0000000000000000 ]---
[    0.000000] RIP: 0010:__x86_return_thunk+0x0/0x10
[    0.000000] Code: cc cc cc cc cc cc cc cc cc cc cc cc cc cc cc cc cc cc cc cc cc cc cc cc cc cc c3 cc 66 66 2e 0f 1f 84 00 00 00 00 00 0f 1f 00 <c3> cc cc cc cc cc cc cc cc cc cc cc cc cc cc cc e9 cb 2a f8 fe 0f
[    0.000000] RSP: 0000:ffffffffb2203ee0 EFLAGS: 00000246
[    0.000000] RAX: 0000000000000046 RBX: ffffffffb26b0020 RCX: 0000000000000020
[    0.000000] RDX: 0000000000000f80 RSI: ffff9d119feb8400 RDI: 0000000000000000
[    0.000000] RBP: ffffffffb2203f18 R08: 0000000000000001 R09: 0000000000000000
[    0.000000] R10: 0000000000000f80 R11: ffff9d119feb3b40 R12: 0000000000000000
[    0.000000] R13: 0000000000000000 R14: 0000000000000000 R15: 0000000000010000
[    0.000000] FS:  0000000000000000(0000) GS:ffff9d119f400000(0000) knlGS:0000000000000000
[    0.000000] CS:  0010 DS: 0000 ES: 0000 CR0: 0000000080050033
[    0.000000] CR2: ffffffffffffffd6 CR3: 0000000012232001 CR4: 00000000000200b0
[    0.000000] Kernel panic - not syncing: Fatal exception
[    0.000000] BUG: kernel NULL pointer dereference, address: 0000000000000000
[    0.000000] #PF: supervisor instruction fetch in kernel mode
[    0.000000] #PF: error_code(0x0010) - not-present page
[    0.000000] PGD 0 P4D 0 
[    0.000000] Oops: 0010 [#18] PREEMPT SMP PTI
[    0.000000] CPU: 0 PID: 0 Comm: swapper/0 Tainted: G      D            6.6.114.1-microsoft-standard-WSL2 #1
[    0.000000] RIP: 0010:0x0
[    0.000000] Code: Unable to access opcode bytes at 0xffffffffffffffd6.
[    0.000000] RSP: 0000:ffffffffb2201030 EFLAGS: 00010046
[    0.000000] RAX: 0000000000000000 RBX: ffffffffb194fae1 RCX: 0000000000000000
[    0.000000] RDX: 0000000000000000 RSI: 0000000000000000 RDI: 0000000000000000
[    0.000000] RBP: ffffffffb2201038 R08: 0000000000000000 R09: ffffffffb2200e88
[    0.000000] R10: 0000000000000003 R11: ffffffffb2353128 R12: 0000000000000000
[    0.000000] R13: 0000000000000000 R14: 0000000000000000 R15: 0000000000000065
[    0.000000] FS:  0000000000000000(0000) GS:ffff9d119f400000(0000) knlGS:0000000000000000
[    0.000000] CS:  0010 DS: 0000 ES: 0000 CR0: 0000000080050033
[    0.000000] CR2: ffffffffffffffd6 CR3: 0000000012232001 CR4: 00000000000200b0
[    0.000000] Call Trace:
[    0.000000]  <TASK>
[    0.000000]  efi_reboot+0x3f/0x80
[    0.000000]  native_machine_emergency_restart+0x195/0x1e0
[    0.000000]  machine_emergency_restart+0x23/0x30
[    0.000000]  emergency_restart+0x26/0x30
[    0.000000]  panic+0x21f/0x330
[    0.000000]  oops_end+0xb2/0xf0
[    0.000000]  page_fault_oops+0x187/0x460
[    0.000000]  do_user_addr_fault+0x2e3/0x610
[    0.000000]  exc_page_fault+0x76/0x160
[    0.000000]  asm_exc_page_fault+0x2b/0x30
[    0.000000] RIP: 0010:0x0
[    0.000000] Code: Unable to access opcode bytes at 0xffffffffffffffd6.
[    0.000000] RSP: 0000:ffffffffb22012f0 EFLAGS: 00010046
[    0.000000] RAX: 0000000000000000 RBX: ffffffffb194fae1 RCX: 0000000000000000
[    0.000000] RDX: 0000000000000000 RSI: 0000000000000000 RDI: 0000000000000000
[    0.000000] RBP: ffffffffb22012f8 R08: 0000000000000000 R09: ffffffffb2201148
[    0.000000] R10: 0000000000000003 R11: ffffffffb2353128 R12: 0000000000000000
[    0.000000] R13: 0000000000000000 R14: 0000000000000000 R15: 0000000000000065
[    0.000000]  ? efi_reboot+0x3f/0x80
[    0.000000]  ? native_machine_emergency_restart+0x195/0x1e0
[    0.000000]  ? machine_emergency_restart+0x23/0x30
[    0.000000]  ? emergency_restart+0x26/0x30
[    0.000000]  ? panic+0x21f/0x330
[    0.000000]  ? oops_end+0xb2/0xf0
[    0.000000]  ? page_fault_oops+0x187/0x460
[    0.000000]  ? do_user_addr_fault+0x2e3/0x610
[    0.000000]  ? exc_page_fault+0x76/0x160
[    0.000000]  ? asm_exc_page_fault+0x2b/0x30
[    0.000000]  ? efi_reboot+0x3f/0x80
[    0.000000]  ? native_machine_emergency_restart+0x195/0x1e0
[    0.000000]  ? machine_emergency_restart+0x23/0x30
[    0.000000]  ? emergency_restart+0x26/0x30
[    0.000000]  ? panic+0x21f/0x330
[    0.000000]  ? oops_end+0xb2/0xf0
[    0.000000]  ? page_fault_oops+0x187/0x460
[    0.000000]  ? do_user_addr_fault+0x2e3/0x610
[    0.000000]  ? exc_page_fault+0x76/0x160
[    0.000000]  ? asm_exc_page_fault+0x2b/0x30
[    0.000000]  ? efi_reboot+0x3f/0x80
[    0.000000]  ? native_machine_emergency_restart+0x195/0x1e0
[    0.000000]  ? machine_emergency_restart+0x23/0x30
[    0.000000]  ? emergency_restart+0x26/0x30
[    0.000000]  ? panic+0x21f/0x330
[    0.000000]  ? oops_end+0xb2/0xf0
[    0.000000]  ? page_fault_oops+0x187/0x460
[    0.000000]  ? do_user_addr_fault+0x2e3/0x610
[    0.000000]  ? exc_page_fault+0x76/0x160
[    0.000000]  ? asm_exc_page_fault+0x2b/0x30
[    0.000000]  ? efi_reboot+0x3f/0x80
[    0.000000]  ? native_machine_emergency_restart+0x195/0x1e0
[    0.000000]  ? machine_emergency_restart+0x23/0x30
[    0.000000]  ? emergency_restart+0x26/0x30
[    0.000000]  ? panic+0x21f/0x330
[    0.000000]  ? oops_end+0xb2/0xf0
[    0.000000]  ? page_fault_oops+0x187/0x460
[    0.000000]  ? do_user_addr_fault+0x2e3/0x610
[    0.000000]  ? exc_page_fault+0x76/0x160
[    0.000000]  ? asm_exc_page_fault+0x2b/0x30
[    0.000000]  ? efi_reboot+0x3f/0x80
[    0.000000]  ? native_machine_emergency_restart+0x195/0x1e0
[    0.000000]  ? machine_emergency_restart+0x23/0x30
[    0.000000]  ? emergency_restart+0x26/0x30
[    0.000000]  ? panic+0x21f/0x330
[    0.000000]  ? oops_end+0xb2/0xf0
[    0.000000]  ? page_fault_oops+0x187/0x460
[    0.000000]  ? do_user_addr_fault+0x2e3/0x610
[    0.000000]  ? exc_page_fault+0x76/0x160
[    0.000000]  ? asm_exc_page_fault+0x2b/0x30
[    0.000000]  ? efi_reboot+0x3f/0x80
[    0.000000]  ? native_machine_emergency_restart+0x195/0x1e0
[    0.000000]  ? machine_emergency_restart+0x23/0x30
[    0.000000]  ? emergency_restart+0x26/0x30
[    0.000000]  ? panic+0x21f/0x330
[    0.000000]  ? oops_end+0xb2/0xf0
[    0.000000]  ? page_fault_oops+0x187/0x460
[    0.000000]  ? do_user_addr_fault+0x2e3/0x610
[    0.000000]  ? exc_page_fault+0x76/0x160
[    0.000000]  ? asm_exc_page_fault+0x2b/0x30
[    0.000000]  ? efi_reboot+0x3f/0x80
[    0.000000]  ? native_machine_emergency_restart+0x195/0x1e0
[    0.000000]  ? machine_emergency_restart+0x23/0x30
[    0.000000]  ? emergency_restart+0x26/0x30
[    0.000000]  ? panic+0x21f/0x330
[    0.000000]  ? oops_end+0xb2/0xf0
[    0.000000]  ? page_fault_oops+0x187/0x460
[    0.000000]  ? do_user_addr_fault+0x2e3/0x610
[    0.000000]  ? exc_page_fault+0x76/0x160
[    0.000000]  ? asm_exc_page_fault+0x2b/0x30
[    0.000000]  ? efi_reboot+0x3f/0x80
[    0.000000]  ? native_machine_emergency_restart+0x195/0x1e0
[    0.000000]  ? machine_emergency_restart+0x23/0x30
[    0.000000]  ? emergency_restart+0x26/0x30
[    0.000000]  ? panic+0x21f/0x330
[    0.000000]  ? oops_end+0xb2/0xf0
[    0.000000]  ? page_fault_oops+0x187/0x460
[    0.000000]  ? do_user_addr_fault+0x2e3/0x610
[    0.000000]  ? exc_page_fault+0x76/0x160
[    0.000000]  ? asm_exc_page_fault+0x2b/0x30
[    0.000000]  ? efi_reboot+0x3f/0x80
[    0.000000]  ? native_machine_emergency_restart+0x195/0x1e0
[    0.000000]  ? machine_emergency_restart+0x23/0x30
[    0.000000]  ? emergency_restart+0x26/0x30
[    0.000000]  ? panic+0x21f/0x330
[    0.000000]  ? oops_end+0xb2/0xf0
[    0.000000]  ? page_fault_oops+0x187/0x460
[    0.000000]  ? do_user_addr_fault+0x2e3/0x610
[    0.000000]  ? exc_page_fault+0x76/0x160
[    0.000000]  ? asm_exc_page_fault+0x2b/0x30
[    0.000000]  ? efi_reboot+0x3f/0x80
[    0.000000]  ? native_machine_emergency_restart+0x195/0x1e0
[    0.000000]  ? machine_emergency_restart+0x23/0x30
[    0.000000]  ? emergency_restart+0x26/0x30
[    0.000000]  ? panic+0x21f/0x330
[    0.000000]  ? oops_end+0xb2/0xf0
[    0.000000]  ? page_fault_oops+0x187/0x460
[    0.000000]  ? do_user_addr_fault+0x2e3/0x610
[    0.000000]  ? exc_page_fault+0x76/0x160
[    0.000000]  ? asm_exc_page_fault+0x2b/0x30
[    0.000000]  ? efi_reboot+0x3f/0x80
[    0.000000]  ? native_machine_emergency_restart+0x195/0x1e0
[    0.000000]  ? machine_emergency_restart+0x23/0x30
[    0.000000]  ? emergency_restart+0x26/0x30
[    0.000000]  ? panic+0x21f/0x330
[    0.000000]  ? oops_end+0xb2/0xf0
[    0.000000]  ? page_fault_oops+0x187/0x460
[    0.000000]  ? do_user_addr_fault+0x2e3/0x610
[    0.000000]  ? exc_page_fault+0x76/0x160
[    0.000000]  ? asm_exc_page_fault+0x2b/0x30
[    0.000000]  ? efi_reboot+0x3f/0x80
[    0.000000]  ? native_machine_emergency_restart+0x195/0x1e0
[    0.000000]  ? machine_emergency_restart+0x23/0x30
[    0.000000]  ? emergency_restart+0x26/0x30
[    0.000000]  ? panic+0x21f/0x330
[    0.000000]  ? oops_end+0xb2/0xf0
[    0.000000]  ? page_fault_oops+0x187/0x460
[    0.000000]  ? do_user_addr_fault+0x2e3/0x610
[    0.000000]  ? exc_page_fault+0x76/0x160
[    0.000000]  ? asm_exc_page_fault+0x2b/0x30
[    0.000000]  ? efi_reboot+0x3f/0x80
[    0.000000]  ? native_machine_emergency_restart+0x195/0x1e0
[    0.000000]  ? machine_emergency_restart+0x23/0x30
[    0.000000]  ? emergency_restart+0x26/0x30
[    0.000000]  ? panic+0x21f/0x330
[    0.000000]  ? oops_end+0xb2/0xf0
[    0.000000]  ? page_fault_oops+0x187/0x460
[    0.000000]  ? do_user_addr_fault+0x2e3/0x610
[    0.000000]  ? exc_page_fault+0x76/0x160
[    0.000000]  ? asm_exc_page_fault+0x2b/0x30
[    0.000000]  ? efi_reboot+0x3f/0x80
[    0.000000]  ? native_machine_emergency_restart+0x195/0x1e0
[    0.000000]  ? machine_emergency_restart+0x23/0x30
[    0.000000]  ? emergency_restart+0x26/0x30
[    0.000000]  ? panic+0x21f/0x330
[    0.000000]  ? oops_end+0xb2/0xf0
[    0.000000]  ? page_fault_oops+0x187/0x460
[    0.000000]  ? do_user_addr_fault+0x2e3/0x610
[    0.000000]  ? exc_page_fault+0x76/0x160
[    0.000000]  ? asm_exc_page_fault+0x2b/0x30
[    0.000000]  ? efi_reboot+0x3f/0x80
[    0.000000]  ? native_machine_emergency_restart+0x195/0x1e0
[    0.000000]  ? machine_emergency_restart+0x23/0x30
[    0.000000]  ? emergency_restart+0x26/0x30
[    0.000000]  ? panic+0x21f/0x330
[    0.000000]  ? oops_end+0xb2/0xf0
[    0.000000]  ? page_fault_oops+0x187/0x460
[    0.000000]  ? do_user_addr_fault+0x2e3/0x610
[    0.000000]  ? exc_page_fault+0x76/0x160
[    0.000000]  ? asm_exc_page_fault+0x2b/0x30
[    0.000000]  ? efi_reboot+0x3f/0x80
[    0.000000]  ? native_machine_emergency_restart+0x195/0x1e0
[    0.000000]  ? machine_emergency_restart+0x23/0x30
[    0.000000]  ? emergency_restart+0x26/0x30
[    0.000000]  ? panic+0x21f/0x330
[    0.000000]  ? oops_end+0xb2/0xf0
[    0.000000]  ? die+0x83/0x90
[    0.000000]  ? do_trap+0xc8/0xe0
[    0.000000]  ? do_error_trap+0x73/0xa0
[    0.000000]  ? its_return_thunk+0x10/0x10
[    0.000000]  ? exc_divide_error+0x3e/0x60
[    0.000000]  ? its_return_thunk+0x10/0x10
[    0.000000]  ? asm_exc_divide_error+0x1f/0x30
[    0.000000]  ? its_return_thunk+0x10/0x10
[    0.000000]  ? start_kernel+0x345/0x790
[    0.000000]  ? x86_64_start_reservations+0x25/0x40
[    0.000000]  ? x86_64_start_kernel+0x7f/0x80
[    0.000000]  ? secondary_startup_64_no_verify+0x17d/0x18b
[    0.000000]  </TASK>
[    0.000000] Modules linked in:
[    0.000000] CR2: 0000000000000000
[    0.000000] ---[ end trace 0000000000000000 ]---
[    0.000000] RIP: 0010:__x86_return_thunk+0x0/0x10
[    0.000000] Code: cc cc cc cc cc cc cc cc cc cc cc cc cc cc cc cc cc cc cc cc cc cc cc cc cc cc c3 cc 66 66 2e 0f 1f 84 00 00 00 00 00 0f 1f 00 <c3> cc cc cc cc cc cc cc cc cc cc cc cc cc cc cc e9 cb 2a f8 fe 0f
[    0.000000] RSP: 0000:ffffffffb2203ee0 EFLAGS: 00000246
[    0.000000] RAX: 0000000000000046 RBX: ffffffffb26b0020 RCX: 0000000000000020
[    0.000000] RDX: 0000000000000f80 RSI: ffff9d119feb8400 RDI: 0000000000000000
[    0.000000] RBP: ffffffffb2203f18 R08: 0000000000000001 R09: 0000000000000000
[    0.000000] R10: 0000000000000f80 R11: ffff9d119feb3b40 R12: 0000000000000000
[    0.000000] R13: 0000000000000000 R14: 0000000000000000 R15: 0000000000010000
[    0.000000] FS:  0000000000000000(0000) GS:ffff9d119f400000(0000) knlGS:0000000000000000
[    0.000000] CS:  0010 DS: 0000 ES: 0000 CR0: 0000000080050033
[    0.000000] CR2: ffffffffffffffd6 CR3: 0000000012232001 CR4: 00000000000200b0
[    0.000000] Kernel panic - not syncing: Fatal exception
[    0.000000] BUG: kernel NULL pointer dereference, address: 0000000000000000
[    0.000000] #PF: supervisor instruction fetch in kernel mode
[    0.000000] #PF: error_code(0x0010) - not-present page
[    0.000000] PGD 0 P4D 0 
[    0.000000] Oops: 0010 [#19] PREEMPT SMP PTI
[    0.000000] CPU: 0 PID: 0 Comm: swapper/0 Tainted: G      D            6.6.114.1-microsoft-standard-WSL2 #1
[    0.000000] RIP: 0010:0x0
[    0.000000] Code: Unable to access opcode bytes at 0xffffffffffffffd6.
[    0.000000] RSP: 0000:ffffffffb2200d70 EFLAGS: 00010046
[    0.000000] RAX: 0000000000000000 RBX: ffffffffb194fae1 RCX: 0000000000000000
[    0.000000] RDX: 0000000000000000 RSI: 0000000000000000 RDI: 0000000000000000
[    0.000000] RBP: ffffffffb2200d78 R08: 0000000000000000 R09: ffffffffb2200bc8
[    0.000000] R10: 0000000000000003 R11: ffffffffb2353128 R12: 0000000000000000
[    0.000000] R13: 0000000000000000 R14: 0000000000000000 R15: 0000000000000065
[    0.000000] FS:  0000000000000000(0000) GS:ffff9d119f400000(0000) knlGS:0000000000000000
[    0.000000] CS:  0010 DS: 0000 ES: 0000 CR0: 0000000080050033
[    0.000000] CR2: ffffffffffffffd6 CR3: 0000000012232001 CR4: 00000000000200b0
[    0.000000] Call Trace:
[    0.000000]  <TASK>
[    0.000000]  efi_reboot+0x3f/0x80
[    0.000000]  native_machine_emergency_restart+0x195/0x1e0
[    0.000000]  machine_emergency_restart+0x23/0x30
[    0.000000]  emergency_restart+0x26/0x30
[    0.000000]  panic+0x21f/0x330
[    0.000000]  oops_end+0xb2/0xf0
[    0.000000]  page_fault_oops+0x187/0x460
[    0.000000]  do_user_addr_fault+0x2e3/0x610
[    0.000000]  exc_page_fault+0x76/0x160
[    0.000000]  asm_exc_page_fault+0x2b/0x30
[    0.000000] RIP: 0010:0x0
[    0.000000] Code: Unable to access opcode bytes at 0xffffffffffffffd6.
[    0.000000] RSP: 0000:ffffffffb2201030 EFLAGS: 00010046
[    0.000000] RAX: 0000000000000000 RBX: ffffffffb194fae1 RCX: 0000000000000000
[    0.000000] RDX: 0000000000000000 RSI: 0000000000000000 RDI: 0000000000000000
[    0.000000] RBP: ffffffffb2201038 R08: 0000000000000000 R09: ffffffffb2200e88
[    0.000000] R10: 0000000000000003 R11: ffffffffb2353128 R12: 0000000000000000
[    0.000000] R13: 0000000000000000 R14: 0000000000000000 R15: 0000000000000065
[    0.000000]  ? efi_reboot+0x3f/0x80
[    0.000000]  ? native_machine_emergency_restart+0x195/0x1e0
[    0.000000]  ? machine_emergency_restart+0x23/0x30
[    0.000000]  ? emergency_restart+0x26/0x30
[    0.000000]  ? panic+0x21f/0x330
[    0.000000]  ? oops_end+0xb2/0xf0
[    0.000000]  ? page_fault_oops+0x187/0x460
[    0.000000]  ? do_user_addr_fault+0x2e3/0x610
[    0.000000]  ? exc_page_fault+0x76/0x160
[    0.000000]  ? asm_exc_page_fault+0x2b/0x30
[    0.000000]  ? efi_reboot+0x3f/0x80
[    0.000000]  ? native_machine_emergency_restart+0x195/0x1e0
[    0.000000]  ? machine_emergency_restart+0x23/0x30
[    0.000000]  ? emergency_restart+0x26/0x30
[    0.000000]  ? panic+0x21f/0x330
[    0.000000]  ? oops_end+0xb2/0xf0
[    0.000000]  ? page_fault_oops+0x187/0x460
[    0.000000]  ? do_user_addr_fault+0x2e3/0x610
[    0.000000]  ? exc_page_fault+0x76/0x160
[    0.000000]  ? asm_exc_page_fault+0x2b/0x30
[    0.000000]  ? efi_reboot+0x3f/0x80
[    0.000000]  ? native_machine_emergency_restart+0x195/0x1e0
[    0.000000]  ? machine_emergency_restart+0x23/0x30
[    0.000000]  ? emergency_restart+0x26/0x30
[    0.000000]  ? panic+0x21f/0x330
[    0.000000]  ? oops_end+0xb2/0xf0
[    0.000000]  ? page_fault_oops+0x187/0x460
[    0.000000]  ? do_user_addr_fault+0x2e3/0x610
[    0.000000]  ? exc_page_fault+0x76/0x160
[    0.000000]  ? asm_exc_page_fault+0x2b/0x30
[    0.000000]  ? efi_reboot+0x3f/0x80
[    0.000000]  ? native_machine_emergency_restart+0x195/0x1e0
[    0.000000]  ? machine_emergency_restart+0x23/0x30
[    0.000000]  ? emergency_restart+0x26/0x30
[    0.000000]  ? panic+0x21f/0x330
[    0.000000]  ? oops_end+0xb2/0xf0
[    0.000000]  ? page_fault_oops+0x187/0x460
[    0.000000]  ? do_user_addr_fault+0x2e3/0x610
[    0.000000]  ? exc_page_fault+0x76/0x160
[    0.000000]  ? asm_exc_page_fault+0x2b/0x30
[    0.000000]  ? efi_reboot+0x3f/0x80
[    0.000000]  ? native_machine_emergency_restart+0x195/0x1e0
[    0.000000]  ? machine_emergency_restart+0x23/0x30
[    0.000000]  ? emergency_restart+0x26/0x30
[    0.000000]  ? panic+0x21f/0x330
[    0.000000]  ? oops_end+0xb2/0xf0
[    0.000000]  ? page_fault_oops+0x187/0x460
[    0.000000]  ? do_user_addr_fault+0x2e3/0x610
[    0.000000]  ? exc_page_fault+0x76/0x160
[    0.000000]  ? asm_exc_page_fault+0x2b/0x30
[    0.000000]  ? efi_reboot+0x3f/0x80
[    0.000000]  ? native_machine_emergency_restart+0x195/0x1e0
[    0.000000]  ? machine_emergency_restart+0x23/0x30
[    0.000000]  ? emergency_restart+0x26/0x30
[    0.000000]  ? panic+0x21f/0x330
[    0.000000]  ? oops_end+0xb2/0xf0
[    0.000000]  ? page_fault_oops+0x187/0x460
[    0.000000]  ? do_user_addr_fault+0x2e3/0x610
[    0.000000]  ? exc_page_fault+0x76/0x160
[    0.000000]  ? asm_exc_page_fault+0x2b/0x30
[    0.000000]  ? efi_reboot+0x3f/0x80
[    0.000000]  ? native_machine_emergency_restart+0x195/0x1e0
[    0.000000]  ? machine_emergency_restart+0x23/0x30
[    0.000000]  ? emergency_restart+0x26/0x30
[    0.000000]  ? panic+0x21f/0x330
[    0.000000]  ? oops_end+0xb2/0xf0
[    0.000000]  ? page_fault_oops+0x187/0x460
[    0.000000]  ? do_user_addr_fault+0x2e3/0x610
[    0.000000]  ? exc_page_fault+0x76/0x160
[    0.000000]  ? asm_exc_page_fault+0x2b/0x30
[    0.000000]  ? efi_reboot+0x3f/0x80
[    0.000000]  ? native_machine_emergency_restart+0x195/0x1e0
[    0.000000]  ? machine_emergency_restart+0x23/0x30
[    0.000000]  ? emergency_restart+0x26/0x30
[    0.000000]  ? panic+0x21f/0x330
[    0.000000]  ? oops_end+0xb2/0xf0
[    0.000000]  ? page_fault_oops+0x187/0x460
[    0.000000]  ? do_user_addr_fault+0x2e3/0x610
[    0.000000]  ? exc_page_fault+0x76/0x160
[    0.000000]  ? asm_exc_page_fault+0x2b/0x30
[    0.000000]  ? efi_reboot+0x3f/0x80
[    0.000000]  ? native_machine_emergency_restart+0x195/0x1e0
[    0.000000]  ? machine_emergency_restart+0x23/0x30
[    0.000000]  ? emergency_restart+0x26/0x30
[    0.000000]  ? panic+0x21f/0x330
[    0.000000]  ? oops_end+0xb2/0xf0
[    0.000000]  ? page_fault_oops+0x187/0x460
[    0.000000]  ? do_user_addr_fault+0x2e3/0x610
[    0.000000]  ? exc_page_fault+0x76/0x160
[    0.000000]  ? asm_exc_page_fault+0x2b/0x30
[    0.000000]  ? efi_reboot+0x3f/0x80
[    0.000000]  ? native_machine_emergency_restart+0x195/0x1e0
[    0.000000]  ? machine_emergency_restart+0x23/0x30
[    0.000000]  ? emergency_restart+0x26/0x30
[    0.000000]  ? panic+0x21f/0x330
[    0.000000]  ? oops_end+0xb2/0xf0
[    0.000000]  ? page_fault_oops+0x187/0x460
[    0.000000]  ? do_user_addr_fault+0x2e3/0x610
[    0.000000]  ? exc_page_fault+0x76/0x160
[    0.000000]  ? asm_exc_page_fault+0x2b/0x30
[    0.000000]  ? efi_reboot+0x3f/0x80
[    0.000000]  ? native_machine_emergency_restart+0x195/0x1e0
[    0.000000]  ? machine_emergency_restart+0x23/0x30
[    0.000000]  ? emergency_restart+0x26/0x30
[    0.000000]  ? panic+0x21f/0x330
[    0.000000]  ? oops_end+0xb2/0xf0
[    0.000000]  ? page_fault_oops+0x187/0x460
[    0.000000]  ? do_user_addr_fault+0x2e3/0x610
[    0.000000]  ? exc_page_fault+0x76/0x160
[    0.000000]  ? asm_exc_page_fault+0x2b/0x30
[    0.000000]  ? efi_reboot+0x3f/0x80
[    0.000000]  ? native_machine_emergency_restart+0x195/0x1e0
[    0.000000]  ? machine_emergency_restart+0x23/0x30
[    0.000000]  ? emergency_restart+0x26/0x30
[    0.000000]  ? panic+0x21f/0x330
[    0.000000]  ? oops_end+0xb2/0xf0
[    0.000000]  ? page_fault_oops+0x187/0x460
[    0.000000]  ? do_user_addr_fault+0x2e3/0x610
[    0.000000]  ? exc_page_fault+0x76/0x160
[    0.000000]  ? asm_exc_page_fault+0x2b/0x30
[    0.000000]  ? efi_reboot+0x3f/0x80
[    0.000000]  ? native_machine_emergency_restart+0x195/0x1e0
[    0.000000]  ? machine_emergency_restart+0x23/0x30
[    0.000000]  ? emergency_restart+0x26/0x30
[    0.000000]  ? panic+0x21f/0x330
[    0.000000]  ? oops_end+0xb2/0xf0
[    0.000000]  ? page_fault_oops+0x187/0x460
[    0.000000]  ? do_user_addr_fault+0x2e3/0x610
[    0.000000]  ? exc_page_fault+0x76/0x160
[    0.000000]  ? asm_exc_page_fault+0x2b/0x30
[    0.000000]  ? efi_reboot+0x3f/0x80
[    0.000000]  ? native_machine_emergency_restart+0x195/0x1e0
[    0.000000]  ? machine_emergency_restart+0x23/0x30
[    0.000000]  ? emergency_restart+0x26/0x30
[    0.000000]  ? panic+0x21f/0x330
[    0.000000]  ? oops_end+0xb2/0xf0
[    0.000000]  ? page_fault_oops+0x187/0x460
[    0.000000]  ? do_user_addr_fault+0x2e3/0x610
[    0.000000]  ? exc_page_fault+0x76/0x160
[    0.000000]  ? asm_exc_page_fault+0x2b/0x30
[    0.000000]  ? efi_reboot+0x3f/0x80
[    0.000000]  ? native_machine_emergency_restart+0x195/0x1e0
[    0.000000]  ? machine_emergency_restart+0x23/0x30
[    0.000000]  ? emergency_restart+0x26/0x30
[    0.000000]  ? panic+0x21f/0x330
[    0.000000]  ? oops_end+0xb2/0xf0
[    0.000000]  ? page_fault_oops+0x187/0x460
[    0.000000]  ? do_user_addr_fault+0x2e3/0x610
[    0.000000]  ? exc_page_fault+0x76/0x160
[    0.000000]  ? asm_exc_page_fault+0x2b/0x30
[    0.000000]  ? efi_reboot+0x3f/0x80
[    0.000000]  ? native_machine_emergency_restart+0x195/0x1e0
[    0.000000]  ? machine_emergency_restart+0x23/0x30
[    0.000000]  ? emergency_restart+0x26/0x30
[    0.000000]  ? panic+0x21f/0x330
[    0.000000]  ? oops_end+0xb2/0xf0
[    0.000000]  ? page_fault_oops+0x187/0x460
[    0.000000]  ? do_user_addr_fault+0x2e3/0x610
[    0.000000]  ? exc_page_fault+0x76/0x160
[    0.000000]  ? asm_exc_page_fault+0x2b/0x30
[    0.000000]  ? efi_reboot+0x3f/0x80
[    0.000000]  ? native_machine_emergency_restart+0x195/0x1e0
[    0.000000]  ? machine_emergency_restart+0x23/0x30
[    0.000000]  ? emergency_restart+0x26/0x30
[    0.000000]  ? panic+0x21f/0x330
[    0.000000]  ? oops_end+0xb2/0xf0
[    0.000000]  ? die+0x83/0x90
[    0.000000]  ? do_trap+0xc8/0xe0
[    0.000000]  ? do_error_trap+0x73/0xa0
[    0.000000]  ? its_return_thunk+0x10/0x10
[    0.000000]  ? exc_divide_error+0x3e/0x60
[    0.000000]  ? its_return_thunk+0x10/0x10
[    0.000000]  ? asm_exc_divide_error+0x1f/0x30
[    0.000000]  ? its_return_thunk+0x10/0x10
[    0.000000]  ? start_kernel+0x345/0x790
[    0.000000]  ? x86_64_start_reservations+0x25/0x40
[    0.000000]  ? x86_64_start_kernel+0x7f/0x80
[    0.000000]  ? secondary_startup_64_no_verify+0x17d/0x18b
[    0.000000]  </TASK>
[    0.000000] Modules linked in:
[    0.000000] CR2: 0000000000000000
[    0.000000] ---[ end trace 0000000000000000 ]---
[    0.000000] RIP: 0010:__x86_return_thunk+0x0/0x10
[    0.000000] Code: cc cc cc cc cc cc cc cc cc cc cc cc cc cc cc cc cc cc cc cc cc cc cc cc cc cc c3 cc 66 66 2e 0f 1f 84 00 00 00 00 00 0f 1f 00 <c3> cc cc cc cc cc cc cc cc cc cc cc cc cc cc cc e9 cb 2a f8 fe 0f
[    0.000000] RSP: 0000:ffffffffb2203ee0 EFLAGS: 00000246
[    0.000000] RAX: 0000000000000046 RBX: ffffffffb26b0020 RCX: 0000000000000020
[    0.000000] RDX: 0000000000000f80 RSI: ffff9d119feb8400 RDI: 0000000000000000
[    0.000000] RBP: ffffffffb2203f18 R08: 0000000000000001 R09: 0000000000000000
[    0.000000] R10: 0000000000000f80 R11: ffff9d119feb3b40 R12: 0000000000000000
[    0.000000] R13: 0000000000000000 R14: 0000000000000000 R15: 0000000000010000
[    0.000000] FS:  0000000000000000(0000) GS:ffff9d119f400000(0000) knlGS:0000000000000000
[    0.000000] CS:  0010 DS: 0000 ES: 0000 CR0: 0000000080050033
[    0.000000] CR2: ffffffffffffffd6 CR3: 0000000012232001 CR4: 00000000000200b0
[    0.000000] Kernel panic - not syncing: Fatal exception
[    0.000000] BUG: kernel NULL pointer dereference, address: 0000000000000000
[    0.000000] #PF: supervisor instruction fetch in kernel mode
[    0.000000] #PF: error_code(0x0010) - not-present page
[    0.000000] PGD 0 P4D 0 
[    0.000000] Oops: 0010 [#20] PREEMPT SMP PTI
[    0.000000] CPU: 0 PID: 0 Comm: swapper/0 Tainted: G      D            6.6.114.1-microsoft-standard-WSL2 #1
[    0.000000] RIP: 0010:0x0
[    0.000000] Code: Unable to access opcode bytes at 0xffffffffffffffd6.
[    0.000000] RSP: 0000:ffffffffb2200ab0 EFLAGS: 00010046
[    0.000000] RAX: 0000000000000000 RBX: ffffffffb194fae1 RCX: 0000000000000000
[    0.000000] RDX: 0000000000000000 RSI: 0000000000000000 RDI: 0000000000000000
[    0.000000] RBP: ffffffffb2200ab8 R08: 0000000000000000 R09: ffffffffb2200908
[    0.000000] R10: 0000000000000003 R11: ffffffffb2353128 R12: 0000000000000000
[    0.000000] R13: 0000000000000000 R14: 0000000000000000 R15: 0000000000000065
[    0.000000] FS:  0000000000000000(0000) GS:ffff9d119f400000(0000) knlGS:0000000000000000
[    0.000000] CS:  0010 DS: 0000 ES: 0000 CR0: 0000000080050033
[    0.000000] CR2: ffffffffffffffd6 CR3: 0000000012232001 CR4: 00000000000200b0
[    0.000000] Call Trace:
[    0.000000]  <TASK>
[    0.000000]  efi_reboot+0x3f/0x80
[    0.000000]  native_machine_emergency_restart+0x195/0x1e0
[    0.000000]  machine_emergency_restart+0x23/0x30
[    0.000000]  emergency_restart+0x26/0x30
[    0.000000]  panic+0x21f/0x330
[    0.000000]  oops_end+0xb2/0xf0
[    0.000000]  page_fault_oops+0x187/0x460
[    0.000000]  do_user_addr_fault+0x2e3/0x610
[    0.000000]  exc_page_fault+0x76/0x160
[    0.000000]  asm_exc_page_fault+0x2b/0x30
[    0.000000] RIP: 0010:0x0
[    0.000000] Code: Unable to access opcode bytes at 0xffffffffffffffd6.
[    0.000000] RSP: 0000:ffffffffb2200d70 EFLAGS: 00010046
[    0.000000] RAX: 0000000000000000 RBX: ffffffffb194fae1 RCX: 0000000000000000
[    0.000000] RDX: 0000000000000000 RSI: 0000000000000000 RDI: 0000000000000000
[    0.000000] RBP: ffffffffb2200d78 R08: 0000000000000000 R09: ffffffffb2200bc8
[    0.000000] R10: 0000000000000003 R11: ffffffffb2353128 R12: 0000000000000000
[    0.000000] R13: 0000000000000000 R14: 0000000000000000 R15: 0000000000000065
[    0.000000]  ? efi_reboot+0x3f/0x80
[    0.000000]  ? native_machine_emergency_restart+0x195/0x1e0
[    0.000000]  ? machine_emergency_restart+0x23/0x30
[    0.000000]  ? emergency_restart+0x26/0x30
[    0.000000]  ? panic+0x21f/0x330
[    0.000000]  ? oops_end+0xb2/0xf0
[    0.000000]  ? page_fault_oops+0x187/0x460
[    0.000000]  ? do_user_addr_fault+0x2e3/0x610
[    0.000000]  ? exc_page_fault+0x76/0x160
[    0.000000]  ? asm_exc_page_fault+0x2b/0x30
[    0.000000]  ? efi_reboot+0x3f/0x80
[    0.000000]  ? native_machine_emergency_restart+0x195/0x1e0
[    0.000000]  ? machine_emergency_restart+0x23/0x30
[    0.000000]  ? emergency_restart+0x26/0x30
[    0.000000]  ? panic+0x21f/0x330
[    0.000000]  ? oops_end+0xb2/0xf0
[    0.000000]  ? page_fault_oops+0x187/0x460
[    0.000000]  ? do_user_addr_fault+0x2e3/0x610
[    0.000000]  ? exc_page_fault+0x76/0x160
[    0.000000]  ? asm_exc_page_fault+0x2b/0x30
[    0.000000]  ? efi_reboot+0x3f/0x80
[    0.000000]  ? native_machine_emergency_restart+0x195/0x1e0
[    0.000000]  ? machine_emergency_restart+0x23/0x30
[    0.000000]  ? emergency_restart+0x26/0x30
[    0.000000]  ? panic+0x21f/0x330
[    0.000000]  ? oops_end+0xb2/0xf0
[    0.000000]  ? page_fault_oops+0x187/0x460
[    0.000000]  ? do_user_addr_fault+0x2e3/0x610
[    0.000000]  ? exc_page_fault+0x76/0x160
[    0.000000]  ? asm_exc_page_fault+0x2b/0x30
[    0.000000]  ? efi_reboot+0x3f/0x80
[    0.000000]  ? native_machine_emergency_restart+0x195/0x1e0
[    0.000000]  ? machine_emergency_restart+0x23/0x30
[    0.000000]  ? emergency_restart+0x26/0x30
[    0.000000]  ? panic+0x21f/0x330
[    0.000000]  ? oops_end+0xb2/0xf0
[    0.000000]  ? page_fault_oops+0x187/0x460
[    0.000000]  ? do_user_addr_fault+0x2e3/0x610
[    0.000000]  ? exc_page_fault+0x76/0x160
[    0.000000]  ? asm_exc_page_fault+0x2b/0x30
[    0.000000]  ? efi_reboot+0x3f/0x80
[    0.000000]  ? native_machine_emergency_restart+0x195/0x1e0
[    0.000000]  ? machine_emergency_restart+0x23/0x30
[    0.000000]  ? emergency_restart+0x26/0x30
[    0.000000]  ? panic+0x21f/0x330
[    0.000000]  ? oops_end+0xb2/0xf0
[    0.000000]  ? page_fault_oops+0x187/0x460
[    0.000000]  ? do_user_addr_fault+0x2e3/0x610
[    0.000000]  ? exc_page_fault+0x76/0x160
[    0.000000]  ? asm_exc_page_fault+0x2b/0x30
[    0.000000]  ? efi_reboot+0x3f/0x80
[    0.000000]  ? native_machine_emergency_restart+0x195/0x1e0
[    0.000000]  ? machine_emergency_restart+0x23/0x30
[    0.000000]  ? emergency_restart+0x26/0x30
[    0.000000]  ? panic+0x21f/0x330
[    0.000000]  ? oops_end+0xb2/0xf0
[    0.000000]  ? page_fault_oops+0x187/0x460
[    0.000000]  ? do_user_addr_fault+0x2e3/0x610
[    0.000000]  ? exc_page_fault+0x76/0x160
[    0.000000]  ? asm_exc_page_fault+0x2b/0x30
[    0.000000]  ? efi_reboot+0x3f/0x80
[    0.000000]  ? native_machine_emergency_restart+0x195/0x1e0
[    0.000000]  ? machine_emergency_restart+0x23/0x30
[    0.000000]  ? emergency_restart+0x26/0x30
[    0.000000]  ? panic+0x21f/0x330
[    0.000000]  ? oops_end+0xb2/0xf0
[    0.000000]  ? page_fault_oops+0x187/0x460
[    0.000000]  ? do_user_addr_fault+0x2e3/0x610
[    0.000000]  ? exc_page_fault+0x76/0x160
[    0.000000]  ? asm_exc_page_fault+0x2b/0x30
[    0.000000]  ? efi_reboot+0x3f/0x80
[    0.000000]  ? native_machine_emergency_restart+0x195/0x1e0
[    0.000000]  ? machine_emergency_restart+0x23/0x30
[    0.000000]  ? emergency_restart+0x26/0x30
[    0.000000]  ? panic+0x21f/0x330
[    0.000000]  ? oops_end+0xb2/0xf0
[    0.000000]  ? page_fault_oops+0x187/0x460
[    0.000000]  ? do_user_addr_fault+0x2e3/0x610
[    0.000000]  ? exc_page_fault+0x76/0x160
[    0.000000]  ? asm_exc_page_fault+0x2b/0x30
[    0.000000]  ? efi_reboot+0x3f/0x80
[    0.000000]  ? native_machine_emergency_restart+0x195/0x1e0
[    0.000000]  ? machine_emergency_restart+0x23/0x30
[    0.000000]  ? emergency_restart+0x26/0x30
[    0.000000]  ? panic+0x21f/0x330
[    0.000000]  ? oops_end+0xb2/0xf0
[    0.000000]  ? page_fault_oops+0x187/0x460
[    0.000000]  ? do_user_addr_fault+0x2e3/0x610
[    0.000000]  ? exc_page_fault+0x76/0x160
[    0.000000]  ? asm_exc_page_fault+0x2b/0x30
[    0.000000]  ? efi_reboot+0x3f/0x80
[    0.000000]  ? native_machine_emergency_restart+0x195/0x1e0
[    0.000000]  ? machine_emergency_restart+0x23/0x30
[    0.000000]  ? emergency_restart+0x26/0x30
[    0.000000]  ? panic+0x21f/0x330
[    0.000000]  ? oops_end+0xb2/0xf0
[    0.000000]  ? page_fault_oops+0x187/0x460
[    0.000000]  ? do_user_addr_fault+0x2e3/0x610
[    0.000000]  ? exc_page_fault+0x76/0x160
[    0.000000]  ? asm_exc_page_fault+0x2b/0x30
[    0.000000]  ? efi_reboot+0x3f/0x80
[    0.000000]  ? native_machine_emergency_restart+0x195/0x1e0
[    0.000000]  ? machine_emergency_restart+0x23/0x30
[    0.000000]  ? emergency_restart+0x26/0x30
[    0.000000]  ? panic+0x21f/0x330
[    0.000000]  ? oops_end+0xb2/0xf0
[    0.000000]  ? page_fault_oops+0x187/0x460
[    0.000000]  ? do_user_addr_fault+0x2e3/0x610
[    0.000000]  ? exc_page_fault+0x76/0x160
[    0.000000]  ? asm_exc_page_fault+0x2b/0x30
[    0.000000]  ? efi_reboot+0x3f/0x80
[    0.000000]  ? native_machine_emergency_restart+0x195/0x1e0
[    0.000000]  ? machine_emergency_restart+0x23/0x30
[    0.000000]  ? emergency_restart+0x26/0x30
[    0.000000]  ? panic+0x21f/0x330
[    0.000000]  ? oops_end+0xb2/0xf0
[    0.000000]  ? page_fault_oops+0x187/0x460
[    0.000000]  ? do_user_addr_fault+0x2e3/0x610
[    0.000000]  ? exc_page_fault+0x76/0x160
[    0.000000]  ? asm_exc_page_fault+0x2b/0x30
[    0.000000]  ? efi_reboot+0x3f/0x80
[    0.000000]  ? native_machine_emergency_restart+0x195/0x1e0
[    0.000000]  ? machine_emergency_restart+0x23/0x30
[    0.000000]  ? emergency_restart+0x26/0x30
[    0.000000]  ? panic+0x21f/0x330
[    0.000000]  ? oops_end+0xb2/0xf0
[    0.000000]  ? page_fault_oops+0x187/0x460
[    0.000000]  ? do_user_addr_fault+0x2e3/0x610
[    0.000000]  ? exc_page_fault+0x76/0x160
[    0.000000]  ? asm_exc_page_fault+0x2b/0x30
[    0.000000]  ? efi_reboot+0x3f/0x80
[    0.000000]  ? native_machine_emergency_restart+0x195/0x1e0
[    0.000000]  ? machine_emergency_restart+0x23/0x30
[    0.000000]  ? emergency_restart+0x26/0x30
[    0.000000]  ? panic+0x21f/0x330
[    0.000000]  ? oops_end+0xb2/0xf0
[    0.000000]  ? page_fault_oops+0x187/0x460
[    0.000000]  ? do_user_addr_fault+0x2e3/0x610
[    0.000000]  ? exc_page_fault+0x76/0x160
[    0.000000]  ? asm_exc_page_fault+0x2b/0x30
[    0.000000]  ? efi_reboot+0x3f/0x80
[    0.000000]  ? native_machine_emergency_restart+0x195/0x1e0
[    0.000000]  ? machine_emergency_restart+0x23/0x30
[    0.000000]  ? emergency_restart+0x26/0x30
[    0.000000]  ? panic+0x21f/0x330
[    0.000000]  ? oops_end+0xb2/0xf0
[    0.000000]  ? page_fault_oops+0x187/0x460
[    0.000000]  ? do_user_addr_fault+0x2e3/0x610
[    0.000000]  ? exc_page_fault+0x76/0x160
[    0.000000]  ? asm_exc_page_fault+0x2b/0x30
[    0.000000]  ? efi_reboot+0x3f/0x80
[    0.000000]  ? native_machine_emergency_restart+0x195/0x1e0
[    0.000000]  ? machine_emergency_restart+0x23/0x30
[    0.000000]  ? emergency_restart+0x26/0x30
[    0.000000]  ? panic+0x21f/0x330
[    0.000000]  ? oops_end+0xb2/0xf0
[    0.000000]  ? page_fault_oops+0x187/0x460
[    0.000000]  ? do_user_addr_fault+0x2e3/0x610
[    0.000000]  ? exc_page_fault+0x76/0x160
[    0.000000]  ? asm_exc_page_fault+0x2b/0x30
[    0.000000]  ? efi_reboot+0x3f/0x80
[    0.000000]  ? native_machine_emergency_restart+0x195/0x1e0
[    0.000000]  ? machine_emergency_restart+0x23/0x30
[    0.000000]  ? emergency_restart+0x26/0x30
[    0.000000]  ? panic+0x21f/0x330
[    0.000000]  ? oops_end+0xb2/0xf0
[    0.000000]  ? page_fault_oops+0x187/0x460
[    0.000000]  ? do_user_addr_fault+0x2e3/0x610
[    0.000000]  ? exc_page_fault+0x76/0x160
[    0.000000]  ? asm_exc_page_fault+0x2b/0x30
[    0.000000]  ? efi_reboot+0x3f/0x80
[    0.000000]  ? native_machine_emergency_restart+0x195/0x1e0
[    0.000000]  ? machine_emergency_restart+0x23/0x30
[    0.000000]  ? emergency_restart+0x26/0x30
[    0.000000]  ? panic+0x21f/0x330
[    0.000000]  ? oops_end+0xb2/0xf0
[    0.000000]  ? die+0x83/0x90
[    0.000000]  ? do_trap+0xc8/0xe0
[    0.000000]  ? do_error_trap+0x73/0xa0
[    0.000000]  ? its_return_thunk+0x10/0x10
[    0.000000]  ? exc_divide_error+0x3e/0x60
[    0.000000]  ? its_return_thunk+0x10/0x10
[    0.000000]  ? asm_exc_divide_error+0x1f/0x30
[    0.000000]  ? its_return_thunk+0x10/0x10
[    0.000000]  ? start_kernel+0x345/0x790
[    0.000000]  ? x86_64_start_reservations+0x25/0x40
[    0.000000]  ? x86_64_start_kernel+0x7f/0x80
[    0.000000]  ? secondary_startup_64_no_verify+0x17d/0x18b
[    0.000000]  </TASK>
[    0.000000] Modules linked in:
[    0.000000] CR2: 0000000000000000
[    0.000000] ---[ end trace 0000000000000000 ]---
[    0.000000] RIP: 0010:__x86_return_thunk+0x0/0x10
[    0.000000] Code: cc cc cc cc cc cc cc cc cc cc cc cc cc cc cc cc cc cc cc cc cc cc cc cc cc cc c3 cc 66 66 2e 0f 1f 84 00 00 00 00 00 0f 1f 00 <c3> cc cc cc cc cc cc cc cc cc cc cc cc cc cc cc e9 cb 2a f8 fe 0f
[    0.000000] RSP: 0000:ffffffffb2203ee0 EFLAGS: 00000246
[    0.000000] RAX: 0000000000000046 RBX: ffffffffb26b0020 RCX: 0000000000000020
[    0.000000] RDX: 0000000000000f80 RSI: ffff9d119feb8400 RDI: 0000000000000000
[    0.000000] RBP: ffffffffb2203f18 R08: 0000000000000001 R09: 0000000000000000
[    0.000000] R10: 0000000000000f80 R11: ffff9d119feb3b40 R12: 0000000000000000
[    0.000000] R13: 0000000000000000 R14: 0000000000000000 R15: 0000000000010000
[    0.000000] FS:  0000000000000000(0000) GS:ffff9d119f400000(0000) knlGS:0000000000000000
[    0.000000] CS:  0010 DS: 0000 ES: 0000 CR0: 0000000080050033
[    0.000000] CR2: ffffffffffffffd6 CR3: 0000000012232001 CR4: 00000000000200b0
[    0.000000] Kernel panic - not syncing: Fatal exception
[    0.000000] BUG: kernel NULL pointer dereference, address: 0000000000000000
[    0.000000] #PF: supervisor instruction fetch in kernel mode
[    0.000000] #PF: error_code(0x0010) - not-present page
[    0.000000] PGD 0 P4D 0 
[    0.000000] Oops: 0010 [#21] PREEMPT SMP PTI
[    0.000000] CPU: 0 PID: 0 Comm: swapper/0 Tainted: G      D            6.6.114.1-microsoft-standard-WSL2 #1
[    0.000000] RIP: 0010:0x0
[    0.000000] Code: Unable to access opcode bytes at 0xffffffffffffffd6.
[    0.000000] RSP: 0000:ffffffffb22007f0 EFLAGS: 00010046
[    0.000000] RAX: 0000000000000000 RBX: ffffffffb194fae1 RCX: 0000000000000000
[    0.000000] RDX: 0000000000000000 RSI: 0000000000000000 RDI: 0000000000000000
[    0.000000] RBP: ffffffffb22007f8 R08: 0000000000000000 R09: ffffffffb2200648
[    0.000000] R10: 0000000000000003 R11: ffffffffb2353128 R12: 0000000000000000
[    0.000000] R13: 0000000000000000 R14: 0000000000000000 R15: 0000000000000065
[    0.000000] FS:  0000000000000000(0000) GS:ffff9d119f400000(0000) knlGS:0000000000000000
[    0.000000] CS:  0010 DS: 0000 ES: 0000 CR0: 0000000080050033
[    0.000000] CR2: ffffffffffffffd6 CR3: 0000000012232001 CR4: 00000000000200b0
[    0.000000] Call Trace:
[    0.000000]  <TASK>
[    0.000000]  efi_reboot+0x3f/0x80
[    0.000000]  native_machine_emergency_restart+0x195/0x1e0
[    0.000000]  machine_emergency_restart+0x23/0x30
[    0.000000]  emergency_restart+0x26/0x30
[    0.000000]  panic+0x21f/0x330
[    0.000000]  oops_end+0xb2/0xf0
[    0.000000]  page_fault_oops+0x187/0x460
[    0.000000]  do_user_addr_fault+0x2e3/0x610
[    0.000000]  exc_page_fault+0x76/0x160
[    0.000000]  asm_exc_page_fault+0x2b/0x30
[    0.000000] RIP: 0010:0x0
[    0.000000] Code: Unable to access opcode bytes at 0xffffffffffffffd6.
[    0.000000] RSP: 0000:ffffffffb2200ab0 EFLAGS: 00010046
[    0.000000] RAX: 0000000000000000 RBX: ffffffffb194fae1 RCX: 0000000000000000
[    0.000000] RDX: 0000000000000000 RSI: 0000000000000000 RDI: 0000000000000000
[    0.000000] RBP: ffffffffb2200ab8 R08: 0000000000000000 R09: ffffffffb2200908
[    0.000000] R10: 0000000000000003 R11: ffffffffb2353128 R12: 0000000000000000
[    0.000000] R13: 0000000000000000 R14: 0000000000000000 R15: 0000000000000065
[    0.000000]  ? efi_reboot+0x3f/0x80
[    0.000000]  ? native_machine_emergency_restart+0x195/0x1e0
[    0.000000]  ? machine_emergency_restart+0x23/0x30
[    0.000000]  ? emergency_restart+0x26/0x30
[    0.000000]  ? panic+0x21f/0x330
[    0.000000]  ? oops_end+0xb2/0xf0
[    0.000000]  ? page_fault_oops+0x187/0x460
[    0.000000]  ? do_user_addr_fault+0x2e3/0x610
[    0.000000]  ? exc_page_fault+0x76/0x160
[    0.000000]  ? asm_exc_page_fault+0x2b/0x30
[    0.000000]  ? efi_reboot+0x3f/0x80
[    0.000000]  ? native_machine_emergency_restart+0x195/0x1e0
[    0.000000]  ? machine_emergency_restart+0x23/0x30
[    0.000000]  ? emergency_restart+0x26/0x30
[    0.000000]  ? panic+0x21f/0x330
[    0.000000]  ? oops_end+0xb2/0xf0
[    0.000000]  ? page_fault_oops+0x187/0x460
[    0.000000]  ? do_user_addr_fault+0x2e3/0x610
[    0.000000]  ? exc_page_fault+0x76/0x160
[    0.000000]  ? asm_exc_page_fault+0x2b/0x30
[    0.000000]  ? efi_reboot+0x3f/0x80
[    0.000000]  ? native_machine_emergency_restart+0x195/0x1e0
[    0.000000]  ? machine_emergency_restart+0x23/0x30
[    0.000000]  ? emergency_restart+0x26/0x30
[    0.000000]  ? panic+0x21f/0x330
[    0.000000]  ? oops_end+0xb2/0xf0
[    0.000000]  ? page_fault_oops+0x187/0x460
[    0.000000]  ? do_user_addr_fault+0x2e3/0x610
[    0.000000]  ? exc_page_fault+0x76/0x160
[    0.000000]  ? asm_exc_page_fault+0x2b/0x30
[    0.000000]  ? efi_reboot+0x3f/0x80
[    0.000000]  ? native_machine_emergency_restart+0x195/0x1e0
[    0.000000]  ? machine_emergency_restart+0x23/0x30
[    0.000000]  ? emergency_restart+0x26/0x30
[    0.000000]  ? panic+0x21f/0x330
[    0.000000]  ? oops_end+0xb2/0xf0
[    0.000000]  ? page_fault_oops+0x187/0x460
[    0.000000]  ? do_user_addr_fault+0x2e3/0x610
[    0.000000]  ? exc_page_fault+0x76/0x160
[    0.000000]  ? asm_exc_page_fault+0x2b/0x30
[    0.000000]  ? efi_reboot+0x3f/0x80
[    0.000000]  ? native_machine_emergency_restart+0x195/0x1e0
[    0.000000]  ? machine_emergency_restart+0x23/0x30
[    0.000000]  ? emergency_restart+0x26/0x30
[    0.000000]  ? panic+0x21f/0x330
[    0.000000]  ? oops_end+0xb2/0xf0
[    0.000000]  ? page_fault_oops+0x187/0x460
[    0.000000]  ? do_user_addr_fault+0x2e3/0x610
[    0.000000]  ? exc_page_fault+0x76/0x160
[    0.000000]  ? asm_exc_page_fault+0x2b/0x30
[    0.000000]  ? efi_reboot+0x3f/0x80
[    0.000000]  ? native_machine_emergency_restart+0x195/0x1e0
[    0.000000]  ? machine_emergency_restart+0x23/0x30
[    0.000000]  ? emergency_restart+0x26/0x30
[    0.000000]  ? panic+0x21f/0x330
[    0.000000]  ? oops_end+0xb2/0xf0
[    0.000000]  ? page_fault_oops+0x187/0x460
[    0.000000]  ? do_user_addr_fault+0x2e3/0x610
[    0.000000]  ? exc_page_fault+0x76/0x160
[    0.000000]  ? asm_exc_page_fault+0x2b/0x30
[    0.000000]  ? efi_reboot+0x3f/0x80
[    0.000000]  ? native_machine_emergency_restart+0x195/0x1e0
[    0.000000]  ? machine_emergency_restart+0x23/0x30
[    0.000000]  ? emergency_restart+0x26/0x30
[    0.000000]  ? panic+0x21f/0x330
[    0.000000]  ? oops_end+0xb2/0xf0
[    0.000000]  ? page_fault_oops+0x187/0x460
[    0.000000]  ? do_user_addr_fault+0x2e3/0x610
[    0.000000]  ? exc_page_fault+0x76/0x160
[    0.000000]  ? asm_exc_page_fault+0x2b/0x30
[    0.000000]  ? efi_reboot+0x3f/0x80
[    0.000000]  ? native_machine_emergency_restart+0x195/0x1e0
[    0.000000]  ? machine_emergency_restart+0x23/0x30
[    0.000000]  ? emergency_restart+0x26/0x30
[    0.000000]  ? panic+0x21f/0x330
[    0.000000]  ? oops_end+0xb2/0xf0
[    0.000000]  ? page_fault_oops+0x187/0x460
[    0.000000]  ? do_user_addr_fault+0x2e3/0x610
[    0.000000]  ? exc_page_fault+0x76/0x160
[    0.000000]  ? asm_exc_page_fault+0x2b/0x30
[    0.000000]  ? efi_reboot+0x3f/0x80
[    0.000000]  ? native_machine_emergency_restart+0x195/0x1e0
[    0.000000]  ? machine_emergency_restart+0x23/0x30
[    0.000000]  ? emergency_restart+0x26/0x30
[    0.000000]  ? panic+0x21f/0x330
[    0.000000]  ? oops_end+0xb2/0xf0
[    0.000000]  ? page_fault_oops+0x187/0x460
[    0.000000]  ? do_user_addr_fault+0x2e3/0x610
[    0.000000]  ? exc_page_fault+0x76/0x160
[    0.000000]  ? asm_exc_page_fault+0x2b/0x30
[    0.000000]  ? efi_reboot+0x3f/0x80
[    0.000000]  ? native_machine_emergency_restart+0x195/0x1e0
[    0.000000]  ? machine_emergency_restart+0x23/0x30
[    0.000000]  ? emergency_restart+0x26/0x30
[    0.000000]  ? panic+0x21f/0x330
[    0.000000]  ? oops_end+0xb2/0xf0
[    0.000000]  ? page_fault_oops+0x187/0x460
[    0.000000]  ? do_user_addr_fault+0x2e3/0x610
[    0.000000]  ? exc_page_fault+0x76/0x160
[    0.000000]  ? asm_exc_page_fault+0x2b/0x30
[    0.000000]  ? efi_reboot+0x3f/0x80
[    0.000000]  ? native_machine_emergency_restart+0x195/0x1e0
[    0.000000]  ? machine_emergency_restart+0x23/0x30
[    0.000000]  ? emergency_restart+0x26/0x30
[    0.000000]  ? panic+0x21f/0x330
[    0.000000]  ? oops_end+0xb2/0xf0
[    0.000000]  ? page_fault_oops+0x187/0x460
[    0.000000]  ? do_user_addr_fault+0x2e3/0x610
[    0.000000]  ? exc_page_fault+0x76/0x160
[    0.000000]  ? asm_exc_page_fault+0x2b/0x30
[    0.000000]  ? efi_reboot+0x3f/0x80
[    0.000000]  ? native_machine_emergency_restart+0x195/0x1e0
[    0.000000]  ? machine_emergency_restart+0x23/0x30
[    0.000000]  ? emergency_restart+0x26/0x30
[    0.000000]  ? panic+0x21f/0x330
[    0.000000]  ? oops_end+0xb2/0xf0
[    0.000000]  ? page_fault_oops+0x187/0x460
[    0.000000]  ? do_user_addr_fault+0x2e3/0x610
[    0.000000]  ? exc_page_fault+0x76/0x160
[    0.000000]  ? asm_exc_page_fault+0x2b/0x30
[    0.000000]  ? efi_reboot+0x3f/0x80
[    0.000000]  ? native_machine_emergency_restart+0x195/0x1e0
[    0.000000]  ? machine_emergency_restart+0x23/0x30
[    0.000000]  ? emergency_restart+0x26/0x30
[    0.000000]  ? panic+0x21f/0x330
[    0.000000]  ? oops_end+0xb2/0xf0
[    0.000000]  ? page_fault_oops+0x187/0x460
[    0.000000]  ? do_user_addr_fault+0x2e3/0x610
[    0.000000]  ? exc_page_fault+0x76/0x160
[    0.000000]  ? asm_exc_page_fault+0x2b/0x30
[    0.000000]  ? efi_reboot+0x3f/0x80
[    0.000000]  ? native_machine_emergency_restart+0x195/0x1e0
[    0.000000]  ? machine_emergency_restart+0x23/0x30
[    0.000000]  ? emergency_restart+0x26/0x30
[    0.000000]  ? panic+0x21f/0x330
[    0.000000]  ? oops_end+0xb2/0xf0
[    0.000000]  ? page_fault_oops+0x187/0x460
[    0.000000]  ? do_user_addr_fault+0x2e3/0x610
[    0.000000]  ? exc_page_fault+0x76/0x160
[    0.000000]  ? asm_exc_page_fault+0x2b/0x30
[    0.000000]  ? efi_reboot+0x3f/0x80
[    0.000000]  ? native_machine_emergency_restart+0x195/0x1e0
[    0.000000]  ? machine_emergency_restart+0x23/0x30
[    0.000000]  ? emergency_restart+0x26/0x30
[    0.000000]  ? panic+0x21f/0x330
[    0.000000]  ? oops_end+0xb2/0xf0
[    0.000000]  ? page_fault_oops+0x187/0x460
[    0.000000]  ? do_user_addr_fault+0x2e3/0x610
[    0.000000]  ? exc_page_fault+0x76/0x160
[    0.000000]  ? asm_exc_page_fault+0x2b/0x30
[    0.000000]  ? efi_reboot+0x3f/0x80
[    0.000000]  ? native_machine_emergency_restart+0x195/0x1e0
[    0.000000]  ? machine_emergency_restart+0x23/0x30
[    0.000000]  ? emergency_restart+0x26/0x30
[    0.000000]  ? panic+0x21f/0x330
[    0.000000]  ? oops_end+0xb2/0xf0
[    0.000000]  ? page_fault_oops+0x187/0x460
[    0.000000]  ? do_user_addr_fault+0x2e3/0x610
[    0.000000]  ? exc_page_fault+0x76/0x160
[    0.000000]  ? asm_exc_page_fault+0x2b/0x30
[    0.000000]  ? efi_reboot+0x3f/0x80
[    0.000000]  ? native_machine_emergency_restart+0x195/0x1e0
[    0.000000]  ? machine_emergency_restart+0x23/0x30
[    0.000000]  ? emergency_restart+0x26/0x30
[    0.000000]  ? panic+0x21f/0x330
[    0.000000]  ? oops_end+0xb2/0xf0
[    0.000000]  ? page_fault_oops+0x187/0x460
[    0.000000]  ? do_user_addr_fault+0x2e3/0x610
[    0.000000]  ? exc_page_fault+0x76/0x160
[    0.000000]  ? asm_exc_page_fault+0x2b/0x30
[    0.000000]  ? efi_reboot+0x3f/0x80
[    0.000000]  ? native_machine_emergency_restart+0x195/0x1e0
[    0.000000]  ? machine_emergency_restart+0x23/0x30
[    0.000000]  ? emergency_restart+0x26/0x30
[    0.000000]  ? panic+0x21f/0x330
[    0.000000]  ? oops_end+0xb2/0xf0
[    0.000000]  ? page_fault_oops+0x187/0x460
[    0.000000]  ? do_user_addr_fault+0x2e3/0x610
[    0.000000]  ? exc_page_fault+0x76/0x160
[    0.000000]  ? asm_exc_page_fault+0x2b/0x30
[    0.000000]  ? efi_reboot+0x3f/0x80
[    0.000000]  ? native_machine_emergency_restart+0x195/0x1e0
[    0.000000]  ? machine_emergency_restart+0x23/0x30
[    0.000000]  ? emergency_restart+0x26/0x30
[    0.000000]  ? panic+0x21f/0x330
[    0.000000]  ? oops_end+0xb2/0xf0
[    0.000000]  ? die+0x83/0x90
[    0.000000]  ? do_trap+0xc8/0xe0
[    0.000000]  ? do_error_trap+0x73/0xa0
[    0.000000]  ? its_return_thunk+0x10/0x10
[    0.000000]  ? exc_divide_error+0x3e/0x60
[    0.000000]  ? its_return_thunk+0x10/0x10
[    0.000000]  ? asm_exc_divide_error+0x1f/0x30
[    0.000000]  ? its_return_thunk+0x10/0x10
[    0.000000]  ? start_kernel+0x345/0x790
[    0.000000]  ? x86_64_start_reservations+0x25/0x40
[    0.000000]  ? x86_64_start_kernel+0x7f/0x80
[    0.000000]  ? secondary_startup_64_no_verify+0x17d/0x18b
[    0.000000]  </TASK>
[    0.000000] Modules linked in:
[    0.000000] CR2: 0000000000000000
[    0.000000] ---[ end trace 0000000000000000 ]---
[    0.000000] RIP: 0010:__x86_return_thunk+0x0/0x10
[    0.000000] Code: cc cc cc cc cc cc cc cc cc cc cc cc cc cc cc cc cc cc cc cc cc cc cc cc cc cc c3 cc 66 66 2e 0f 1f 84 00 00 00 00 00 0f 1f 00 <c3> cc cc cc cc cc cc cc cc cc cc cc cc cc cc cc e9 cb 2a f8 fe 0f
[    0.000000] RSP: 0000:ffffffffb2203ee0 EFLAGS: 00000246
[    0.000000] RAX: 0000000000000046 RBX: ffffffffb26b0020 RCX: 0000000000000020
[    0.000000] RDX: 0000000000000f80 RSI: ffff9d119feb8400 RDI: 0000000000000000
[    0.000000] RBP: ffffffffb2203f18 R08: 0000000000000001 R09: 0000000000000000
[    0.000000] R10: 0000000000000f80 R11: ffff9d119feb3b40 R12: 0000000000000000
[    0.000000] R13: 0000000000000000 R14: 0000000000000000 R15: 0000000000010000
[    0.000000] FS:  0000000000000000(0000) GS:ffff9d119f400000(0000) knlGS:0000000000000000
[    0.000000] CS:  0010 DS: 0000 ES: 0000 CR0: 0000000080050033
[    0.000000] CR2: ffffffffffffffd6 CR3: 0000000012232001 CR4: 00000000000200b0
[    0.000000] Kernel panic - not syncing: Fatal exception
[    0.000000] BUG: kernel NULL pointer dereference, address: 0000000000000000
[    0.000000] #PF: supervisor instruction fetch in kernel mode
[    0.000000] #PF: error_code(0x0010) - not-present page
[    0.000000] PGD 0 P4D 0 
[    0.000000] Thread overran stack, or stack corrupted
[    0.000000] Oops: 0010 [#22] PREEMPT SMP PTI
[    0.000000] CPU: 0 PID: 0 Comm: swapper/0 Tainted: G      D            6.6.114.1-microsoft-standard-WSL2 #1
[    0.000000] RIP: 0010:0x0
[    0.000000] Code: Unable to access opcode bytes at 0xffffffffffffffd6.
[    0.000000] RSP: 0000:ffffffffb2200530 EFLAGS: 00010046
[    0.000000] RAX: 0000000000000000 RBX: ffffffffb194fae1 RCX: 0000000000000000
[    0.000000] RDX: 0000000000000000 RSI: 0000000000000000 RDI: 0000000000000000
[    0.000000] RBP: ffffffffb2200538 R08: 0000000000000000 R09: ffffffffb2200388
[    0.000000] R10: 0000000000000003 R11: ffffffffb2353128 R12: 0000000000000000
[    0.000000] R13: 0000000000000000 R14: 0000000000000000 R15: 0000000000000065
[    0.000000] FS:  0000000000000000(0000) GS:ffff9d119f400000(0000) knlGS:0000000000000000
[    0.000000] CS:  0010 DS: 0000 ES: 0000 CR0: 0000000080050033
[    0.000000] CR2: ffffffffffffffd6 CR3: 0000000012232001 CR4: 00000000000200b0
[    0.000000] Call Trace:
[    0.000000]  <TASK>
[    0.000000]  efi_reboot+0x3f/0x80
[    0.000000]  native_machine_emergency_restart+0x195/0x1e0
[    0.000000]  machine_emergency_restart+0x23/0x30
[    0.000000]  emergency_restart+0x26/0x30
[    0.000000]  panic+0x21f/0x330
[    0.000000]  oops_end+0xb2/0xf0
[    0.000000]  page_fault_oops+0x187/0x460
[    0.000000]  do_user_addr_fault+0x2e3/0x610
[    0.000000]  exc_page_fault+0x76/0x160
[    0.000000]  asm_exc_page_fault+0x2b/0x30
[    0.000000] RIP: 0010:0x0
[    0.000000] Code: Unable to access opcode bytes at 0xffffffffffffffd6.
[    0.000000] RSP: 0000:ffffffffb22007f0 EFLAGS: 00010046
[    0.000000] RAX: 0000000000000000 RBX: ffffffffb194fae1 RCX: 0000000000000000
[    0.000000] RDX: 0000000000000000 RSI: 0000000000000000 RDI: 0000000000000000
[    0.000000] RBP: ffffffffb22007f8 R08: 0000000000000000 R09: ffffffffb2200648
[    0.000000] R10: 0000000000000003 R11: ffffffffb2353128 R12: 0000000000000000
[    0.000000] R13: 0000000000000000 R14: 0000000000000000 R15: 0000000000000065
[    0.000000]  ? efi_reboot+0x3f/0x80
[    0.000000]  ? native_machine_emergency_restart+0x195/0x1e0
[    0.000000]  ? machine_emergency_restart+0x23/0x30
[    0.000000]  ? emergency_restart+0x26/0x30
[    0.000000]  ? panic+0x21f/0x330
[    0.000000]  ? oops_end+0xb2/0xf0
[    0.000000]  ? page_fault_oops+0x187/0x460
[    0.000000]  ? do_user_addr_fault+0x2e3/0x610
[    0.000000]  ? exc_page_fault+0x76/0x160
[    0.000000]  ? asm_exc_page_fault+0x2b/0x30
[    0.000000]  ? efi_reboot+0x3f/0x80
[    0.000000]  ? native_machine_emergency_restart+0x195/0x1e0
[    0.000000]  ? machine_emergency_restart+0x23/0x30
[    0.000000]  ? emergency_restart+0x26/0x30
[    0.000000]  ? panic+0x21f/0x330
[    0.000000]  ? oops_end+0xb2/0xf0
[    0.000000]  ? page_fault_oops+0x187/0x460
[    0.000000]  ? do_user_addr_fault+0x2e3/0x610
[    0.000000]  ? exc_page_fault+0x76/0x160
[    0.000000]  ? asm_exc_page_fault+0x2b/0x30
[    0.000000]  ? efi_reboot+0x3f/0x80
[    0.000000]  ? native_machine_emergency_restart+0x195/0x1e0
[    0.000000]  ? machine_emergency_restart+0x23/0x30
[    0.000000]  ? emergency_restart+0x26/0x30
[    0.000000]  ? panic+0x21f/0x330
[    0.000000]  ? oops_end+0xb2/0xf0
[    0.000000]  ? page_fault_oops+0x187/0x460
[    0.000000]  ? do_user_addr_fault+0x2e3/0x610
[    0.000000]  ? exc_page_fault+0x76/0x160
[    0.000000]  ? asm_exc_page_fault+0x2b/0x30
[    0.000000]  ? efi_reboot+0x3f/0x80
[    0.000000]  ? native_machine_emergency_restart+0x195/0x1e0
[    0.000000]  ? machine_emergency_restart+0x23/0x30
[    0.000000]  ? emergency_restart+0x26/0x30
[    0.000000]  ? panic+0x21f/0x330
[    0.000000]  ? oops_end+0xb2/0xf0
[    0.000000]  ? page_fault_oops+0x187/0x460
[    0.000000]  ? do_user_addr_fault+0x2e3/0x610
[    0.000000]  ? exc_page_fault+0x76/0x160
[    0.000000]  ? asm_exc_page_fault+0x2b/0x30
[    0.000000]  ? efi_reboot+0x3f/0x80
[    0.000000]  ? native_machine_emergency_restart+0x195/0x1e0
[    0.000000]  ? machine_emergency_restart+0x23/0x30
[    0.000000]  ? emergency_restart+0x26/0x30
[    0.000000]  ? panic+0x21f/0x330
[    0.000000]  ? oops_end+0xb2/0xf0
[    0.000000]  ? page_fault_oops+0x187/0x460
[    0.000000]  ? do_user_addr_fault+0x2e3/0x610
[    0.000000]  ? exc_page_fault+0x76/0x160
[    0.000000]  ? asm_exc_page_fault+0x2b/0x30
[    0.000000]  ? efi_reboot+0x3f/0x80
[    0.000000]  ? native_machine_emergency_restart+0x195/0x1e0
[    0.000000]  ? machine_emergency_restart+0x23/0x30
[    0.000000]  ? emergency_restart+0x26/0x30
[    0.000000]  ? panic+0x21f/0x330
[    0.000000]  ? oops_end+0xb2/0xf0
[    0.000000]  ? page_fault_oops+0x187/0x460
[    0.000000]  ? do_user_addr_fault+0x2e3/0x610
[    0.000000]  ? exc_page_fault+0x76/0x160
[    0.000000]  ? asm_exc_page_fault+0x2b/0x30
[    0.000000]  ? efi_reboot+0x3f/0x80
[    0.000000]  ? native_machine_emergency_restart+0x195/0x1e0
[    0.000000]  ? machine_emergency_restart+0x23/0x30
[    0.000000]  ? emergency_restart+0x26/0x30
[    0.000000]  ? panic+0x21f/0x330
[    0.000000]  ? oops_end+0xb2/0xf0
[    0.000000]  ? page_fault_oops+0x187/0x460
[    0.000000]  ? do_user_addr_fault+0x2e3/0x610
[    0.000000]  ? exc_page_fault+0x76/0x160
[    0.000000]  ? asm_exc_page_fault+0x2b/0x30
[    0.000000]  ? efi_reboot+0x3f/0x80
[    0.000000]  ? native_machine_emergency_restart+0x195/0x1e0
[    0.000000]  ? machine_emergency_restart+0x23/0x30
[    0.000000]  ? emergency_restart+0x26/0x30
[    0.000000]  ? panic+0x21f/0x330
[    0.000000]  ? oops_end+0xb2/0xf0
[    0.000000]  ? page_fault_oops+0x187/0x460
[    0.000000]  ? do_user_addr_fault+0x2e3/0x610
[    0.000000]  ? exc_page_fault+0x76/0x160
[    0.000000]  ? asm_exc_page_fault+0x2b/0x30
[    0.000000]  ? efi_reboot+0x3f/0x80
[    0.000000]  ? native_machine_emergency_restart+0x195/0x1e0
[    0.000000]  ? machine_emergency_restart+0x23/0x30
[    0.000000]  ? emergency_restart+0x26/0x30
[    0.000000]  ? panic+0x21f/0x330
[    0.000000]  ? oops_end+0xb2/0xf0
[    0.000000]  ? page_fault_oops+0x187/0x460
[    0.000000]  ? do_user_addr_fault+0x2e3/0x610
[    0.000000]  ? exc_page_fault+0x76/0x160
[    0.000000]  ? asm_exc_page_fault+0x2b/0x30
[    0.000000]  ? efi_reboot+0x3f/0x80
[    0.000000]  ? native_machine_emergency_restart+0x195/0x1e0
[    0.000000]  ? machine_emergency_restart+0x23/0x30
[    0.000000]  ? emergency_restart+0x26/0x30
[    0.000000]  ? panic+0x21f/0x330
[    0.000000]  ? oops_end+0xb2/0xf0
[    0.000000]  ? page_fault_oops+0x187/0x460
[    0.000000]  ? do_user_addr_fault+0x2e3/0x610
[    0.000000]  ? exc_page_fault+0x76/0x160
[    0.000000]  ? asm_exc_page_fault+0x2b/0x30
[    0.000000]  ? efi_reboot+0x3f/0x80
[    0.000000]  ? native_machine_emergency_restart+0x195/0x1e0
[    0.000000]  ? machine_emergency_restart+0x23/0x30
[    0.000000]  ? emergency_restart+0x26/0x30
[    0.000000]  ? panic+0x21f/0x330
[    0.000000]  ? oops_end+0xb2/0xf0
[    0.000000]  ? page_fault_oops+0x187/0x460
[    0.000000]  ? do_user_addr_fault+0x2e3/0x610
[    0.000000]  ? exc_page_fault+0x76/0x160
[    0.000000]  ? asm_exc_page_fault+0x2b/0x30
[    0.000000]  ? efi_reboot+0x3f/0x80
[    0.000000]  ? native_machine_emergency_restart+0x195/0x1e0
[    0.000000]  ? machine_emergency_restart+0x23/0x30
[    0.000000]  ? emergency_restart+0x26/0x30
[    0.000000]  ? panic+0x21f/0x330
[    0.000000]  ? oops_end+0xb2/0xf0
[    0.000000]  ? page_fault_oops+0x187/0x460
[    0.000000]  ? do_user_addr_fault+0x2e3/0x610
[    0.000000]  ? exc_page_fault+0x76/0x160
[    0.000000]  ? asm_exc_page_fault+0x2b/0x30
[    0.000000]  ? efi_reboot+0x3f/0x80
[    0.000000]  ? native_machine_emergency_restart+0x195/0x1e0
[    0.000000]  ? machine_emergency_restart+0x23/0x30
[    0.000000]  ? emergency_restart+0x26/0x30
[    0.000000]  ? panic+0x21f/0x330
[    0.000000]  ? oops_end+0xb2/0xf0
[    0.000000]  ? page_fault_oops+0x187/0x460
[    0.000000]  ? do_user_addr_fault+0x2e3/0x610
[    0.000000]  ? exc_page_fault+0x76/0x160
[    0.000000]  ? asm_exc_page_fault+0x2b/0x30
[    0.000000]  ? efi_reboot+0x3f/0x80
[    0.000000]  ? native_machine_emergency_restart+0x195/0x1e0
[    0.000000]  ? machine_emergency_restart+0x23/0x30
[    0.000000]  ? emergency_restart+0x26/0x30
[    0.000000]  ? panic+0x21f/0x330
[    0.000000]  ? oops_end+0xb2/0xf0
[    0.000000]  ? page_fault_oops+0x187/0x460
[    0.000000]  ? do_user_addr_fault+0x2e3/0x610
[    0.000000]  ? exc_page_fault+0x76/0x160
[    0.000000]  ? asm_exc_page_fault+0x2b/0x30
[    0.000000]  ? efi_reboot+0x3f/0x80
[    0.000000]  ? native_machine_emergency_restart+0x195/0x1e0
[    0.000000]  ? machine_emergency_restart+0x23/0x30
[    0.000000]  ? emergency_restart+0x26/0x30
[    0.000000]  ? panic+0x21f/0x330
[    0.000000]  ? oops_end+0xb2/0xf0
[    0.000000]  ? page_fault_oops+0x187/0x460
[    0.000000]  ? do_user_addr_fault+0x2e3/0x610
[    0.000000]  ? exc_page_fault+0x76/0x160
[    0.000000]  ? asm_exc_page_fault+0x2b/0x30
[    0.000000]  ? efi_reboot+0x3f/0x80
[    0.000000]  ? native_machine_emergency_restart+0x195/0x1e0
[    0.000000]  ? machine_emergency_restart+0x23/0x30
[    0.000000]  ? emergency_restart+0x26/0x30
[    0.000000]  ? panic+0x21f/0x330
[    0.000000]  ? oops_end+0xb2/0xf0
[    0.000000]  ? page_fault_oops+0x187/0x460
[    0.000000]  ? do_user_addr_fault+0x2e3/0x610
[    0.000000]  ? exc_page_fault+0x76/0x160
[    0.000000]  ? asm_exc_page_fault+0x2b/0x30
[    0.000000]  ? efi_reboot+0x3f/0x80
[    0.000000]  ? native_machine_emergency_restart+0x195/0x1e0
[    0.000000]  ? machine_emergency_restart+0x23/0x30
[    0.000000]  ? emergency_restart+0x26/0x30
[    0.000000]  ? panic+0x21f/0x330
[    0.000000]  ? oops_end+0xb2/0xf0
[    0.000000]  ? page_fault_oops+0x187/0x460
[    0.000000]  ? do_user_addr_fault+0x2e3/0x610
[    0.000000]  ? exc_page_fault+0x76/0x160
[    0.000000]  ? asm_exc_page_fault+0x2b/0x30
[    0.000000]  ? efi_reboot+0x3f/0x80
[    0.000000]  ? native_machine_emergency_restart+0x195/0x1e0
[    0.000000]  ? machine_emergency_restart+0x23/0x30
[    0.000000]  ? emergency_restart+0x26/0x30
[    0.000000]  ? panic+0x21f/0x330
[    0.000000]  ? oops_end+0xb2/0xf0
[    0.000000]  ? page_fault_oops+0x187/0x460
[    0.000000]  ? do_user_addr_fault+0x2e3/0x610
[    0.000000]  ? exc_page_fault+0x76/0x160
[    0.000000]  ? asm_exc_page_fault+0x2b/0x30
[    0.000000]  ? efi_reboot+0x3f/0x80
[    0.000000]  ? native_machine_emergency_restart+0x195/0x1e0
[    0.000000]  ? machine_emergency_restart+0x23/0x30
[    0.000000]  ? emergency_restart+0x26/0x30
[    0.000000]  ? panic+0x21f/0x330
[    0.000000]  ? oops_end+0xb2/0xf0
[    0.000000]  ? page_fault_oops+0x187/0x460
[    0.000000]  ? do_user_addr_fault+0x2e3/0x610
[    0.000000]  ? exc_page_fault+0x76/0x160
[    0.000000]  ? asm_exc_page_fault+0x2b/0x30
[    0.000000]  ? efi_reboot+0x3f/0x80
[    0.000000]  ? native_machine_emergency_restart+0x195/0x1e0
[    0.000000]  ? machine_emergency_restart+0x23/0x30
[    0.000000]  ? emergency_restart+0x26/0x30
[    0.000000]  ? panic+0x21f/0x330
[    0.000000]  ? oops_end+0xb2/0xf0
[    0.000000]  ? die+0x83/0x90
[    0.000000]  ? do_trap+0xc8/0xe0
[    0.000000]  ? do_error_trap+0x73/0xa0
[    0.000000]  ? its_return_thunk+0x10/0x10
[    0.000000]  ? exc_divide_error+0x3e/0x60
[    0.000000]  ? its_return_thunk+0x10/0x10
[    0.000000]  ? asm_exc_divide_error+0x1f/0x30
[    0.000000]  ? its_return_thunk+0x10/0x10
[    0.000000]  ? start_kernel+0x345/0x790
[    0.000000]  ? x86_64_start_reservations+0x25/0x40
[    0.000000]  ? x86_64_start_kernel+0x7f/0x80
[    0.000000]  ? secondary_startup_64_no_verify+0x17d/0x18b
[    0.000000]  </TASK>
[    0.000000] Modules linked in:
[    0.000000] CR2: 0000000000000000
[    0.000000] ---[ end trace 0000000000000000 ]---
[    0.000000] RIP: 0010:__x86_return_thunk+0x0/0x10
[    0.000000] Code: cc cc cc cc cc cc cc cc cc cc cc cc cc cc cc cc cc cc cc cc cc cc cc cc cc cc c3 cc 66 66 2e 0f 1f 84 00 00 00 00 00 0f 1f 00 <c3> cc cc cc cc cc cc cc cc cc cc cc cc cc cc cc e9 cb 2a f8 fe 0f
[    0.000000] RSP: 0000:ffffffffb2203ee0 EFLAGS: 00000246
[    0.000000] RAX: 0000000000000046 RBX: ffffffffb26b0020 RCX: 0000000000000020
[    0.000000] RDX: 0000000000000f80 RSI: ffff9d119feb8400 RDI: 0000000000000000
[    0.000000] RBP: ffffffffb2203f18 R08: 0000000000000001 R09: 0000000000000000
[    0.000000] R10: 0000000000000f80 R11: ffff9d119feb3b40 R12: 0000000000000000
[    0.000000] R13: 0000000000000000 R14: 0000000000000000 R15: 0000000000010000
[    0.000000] FS:  0000000000000000(0000) GS:ffff9d119f400000(0000) knlGS:0000000000000000
[    0.000000] CS:  0010 DS: 0000 ES: 0000 CR0: 0000000080050033
[    0.000000] CR2: ffffffffffffffd6 CR3: 0000000012232001 CR4: 00000000000200b0
[    0.000000] Kernel panic - not syncing: Fatal exception
[    0.000000] BUG: kernel NULL pointer dereference, address: 0000000000000000
[    0.000000] #PF: supervisor instruction fetch in kernel mode
[    0.000000] #PF: error_code(0x0010) - not-present page
[    0.000000] PGD 0 P4D 0 
[    0.000000] Thread overran stack, or stack corrupted
[    0.000000] Oops: 0010 [#23] PREEMPT SMP PTI
[    0.000000] CPU: 0 PID: 0 Comm: swapper/0 Tainted: G      D            6.6.114.1-microsoft-standard-WSL2 #1
[    0.000000] RIP: 0010:0x0
[    0.000000] Code: Unable to access opcode bytes at 0xffffffffffffffd6.
[    0.000000] RSP: 0000:ffffffffb2200270 EFLAGS: 00010046
[    0.000000] RAX: 0000000000000000 RBX: ffffffffb194fae1 RCX: 0000000000000000
[    0.000000] RDX: 0000000000000000 RSI: 0000000000000000 RDI: 0000000000000000
[    0.000000] RBP: ffffffffb2200278 R08: 0000000000000000 R09: ffffffffb22000c8
[    0.000000] R10: 0000000000000003 R11: ffffffffb2353128 R12: 0000000000000000
[    0.000000] R13: 0000000000000000 R14: 0000000000000000 R15: 0000000000000065
[    0.000000] FS:  0000000000000000(0000) GS:ffff9d119f400000(0000) knlGS:0000000000000000
[    0.000000] CS:  0010 DS: 0000 ES: 0000 CR0: 0000000080050033
[    0.000000] CR2: ffffffffffffffd6 CR3: 0000000012232001 CR4: 00000000000200b0
[    0.000000] Call Trace:
[    0.000000]  <TASK>
[    0.000000]  efi_reboot+0x3f/0x80
[    0.000000]  native_machine_emergency_restart+0x195/0x1e0
[    0.000000]  machine_emergency_restart+0x23/0x30
[    0.000000]  emergency_restart+0x26/0x30
[    0.000000]  panic+0x21f/0x330
[    0.000000]  oops_end+0xb2/0xf0
[    0.000000]  page_fault_oops+0x187/0x460
[    0.000000]  do_user_addr_fault+0x2e3/0x610
[    0.000000]  exc_page_fault+0x76/0x160
[    0.000000]  asm_exc_page_fault+0x2b/0x30
[    0.000000] RIP: 0010:0x0
[    0.000000] Code: Unable to access opcode bytes at 0xffffffffffffffd6.
[    0.000000] RSP: 0000:ffffffffb2200530 EFLAGS: 00010046
[    0.000000] RAX: 0000000000000000 RBX: ffffffffb194fae1 RCX: 0000000000000000
[    0.000000] RDX: 0000000000000000 RSI: 0000000000000000 RDI: 0000000000000000
[    0.000000] RBP: ffffffffb2200538 R08: 0000000000000000 R09: ffffffffb2200388
[    0.000000] R10: 0000000000000003 R11: ffffffffb2353128 R12: 0000000000000000
[    0.000000] R13: 0000000000000000 R14: 0000000000000000 R15: 0000000000000065
[    0.000000]  ? efi_reboot+0x3f/0x80
[    0.000000]  ? native_machine_emergency_restart+0x195/0x1e0
[    0.000000]  ? machine_emergency_restart+0x23/0x30
[    0.000000]  ? emergency_restart+0x26/0x30
[    0.000000]  ? panic+0x21f/0x330
[    0.000000]  ? oops_end+0xb2/0xf0
[    0.000000]  ? page_fault_oops+0x187/0x460
[    0.000000]  ? do_user_addr_fault+0x2e3/0x610
[    0.000000]  ? exc_page_fault+0x76/0x160
[    0.000000]  ? asm_exc_page_fault+0x2b/0x30
[    0.000000]  ? efi_reboot+0x3f/0x80
[    0.000000]  ? native_machine_emergency_restart+0x195/0x1e0
[    0.000000]  ? machine_emergency_restart+0x23/0x30
[    0.000000]  ? emergency_restart+0x26/0x30
[    0.000000]  ? panic+0x21f/0x330
[    0.000000]  ? oops_end+0xb2/0xf0
[    0.000000]  ? page_fault_oops+0x187/0x460
[    0.000000]  ? do_user_addr_fault+0x2e3/0x610
[    0.000000]  ? exc_page_fault+0x76/0x160
[    0.000000]  ? asm_exc_page_fault+0x2b/0x30
[    0.000000]  ? efi_reboot+0x3f/0x80
[    0.000000]  ? native_machine_emergency_restart+0x195/0x1e0
[    0.000000]  ? machine_emergency_restart+0x23/0x30
[    0.000000]  ? emergency_restart+0x26/0x30
[    0.000000]  ? panic+0x21f/0x330
[    0.000000]  ? oops_end+0xb2/0xf0
[    0.000000]  ? page_fault_oops+0x187/0x460
[    0.000000]  ? do_user_addr_fault+0x2e3/0x610
[    0.000000]  ? exc_page_fault+0x76/0x160
[    0.000000]  ? asm_exc_page_fault+0x2b/0x30
[    0.000000]  ? efi_reboot+0x3f/0x80
[    0.000000]  ? native_machine_emergency_restart+0x195/0x1e0
[    0.000000]  ? machine_emergency_restart+0x23/0x30
[    0.000000]  ? emergency_restart+0x26/0x30
[    0.000000]  ? panic+0x21f/0x330
[    0.000000]  ? oops_end+0xb2/0xf0
[    0.000000]  ? page_fault_oops+0x187/0x460
[    0.000000]  ? do_user_addr_fault+0x2e3/0x610
[    0.000000]  ? exc_page_fault+0x76/0x160
[    0.000000]  ? asm_exc_page_fault+0x2b/0x30
[    0.000000]  ? efi_reboot+0x3f/0x80
[    0.000000]  ? native_machine_emergency_restart+0x195/0x1e0
[    0.000000]  ? machine_emergency_restart+0x23/0x30
[    0.000000]  ? emergency_restart+0x26/0x30
[    0.000000]  ? panic+0x21f/0x330
[    0.000000]  ? oops_end+0xb2/0xf0
[    0.000000]  ? page_fault_oops+0x187/0x460
[    0.000000]  ? do_user_addr_fault+0x2e3/0x610
[    0.000000]  ? exc_page_fault+0x76/0x160
[    0.000000]  ? asm_exc_page_fault+0x2b/0x30
[    0.000000]  ? efi_reboot+0x3f/0x80
[    0.000000]  ? native_machine_emergency_restart+0x195/0x1e0
[    0.000000]  ? machine_emergency_restart+0x23/0x30
[    0.000000]  ? emergency_restart+0x26/0x30
[    0.000000]  ? panic+0x21f/0x330
[    0.000000]  ? oops_end+0xb2/0xf0
[    0.000000]  ? page_fault_oops+0x187/0x460
[    0.000000]  ? do_user_addr_fault+0x2e3/0x610
[    0.000000]  ? exc_page_fault+0x76/0x160
[    0.000000]  ? asm_exc_page_fault+0x2b/0x30
[    0.000000]  ? efi_reboot+0x3f/0x80
[    0.000000]  ? native_machine_emergency_restart+0x195/0x1e0
[    0.000000]  ? machine_emergency_restart+0x23/0x30
[    0.000000]  ? emergency_restart+0x26/0x30
[    0.000000]  ? panic+0x21f/0x330
[    0.000000]  ? oops_end+0xb2/0xf0
[    0.000000]  ? page_fault_oops+0x187/0x460
[    0.000000]  ? do_user_addr_fault+0x2e3/0x610
[    0.000000]  ? exc_page_fault+0x76/0x160
[    0.000000]  ? asm_exc_page_fault+0x2b/0x30
[    0.000000]  ? efi_reboot+0x3f/0x80
[    0.000000]  ? native_machine_emergency_restart+0x195/0x1e0
[    0.000000]  ? machine_emergency_restart+0x23/0x30
[    0.000000]  ? emergency_restart+0x26/0x30
[    0.000000]  ? panic+0x21f/0x330
[    0.000000]  ? oops_end+0xb2/0xf0
[    0.000000]  ? page_fault_oops+0x187/0x460
[    0.000000]  ? do_user_addr_fault+0x2e3/0x610
[    0.000000]  ? exc_page_fault+0x76/0x160
[    0.000000]  ? asm_exc_page_fault+0x2b/0x30
[    0.000000]  ? efi_reboot+0x3f/0x80
[    0.000000]  ? native_machine_emergency_restart+0x195/0x1e0
[    0.000000]  ? machine_emergency_restart+0x23/0x30
[    0.000000]  ? emergency_restart+0x26/0x30
[    0.000000]  ? panic+0x21f/0x330
[    0.000000]  ? oops_end+0xb2/0xf0
[    0.000000]  ? page_fault_oops+0x187/0x460
[    0.000000]  ? do_user_addr_fault+0x2e3/0x610
[    0.000000]  ? exc_page_fault+0x76/0x160
[    0.000000]  ? asm_exc_page_fault+0x2b/0x30
[    0.000000]  ? efi_reboot+0x3f/0x80
[    0.000000]  ? native_machine_emergency_restart+0x195/0x1e0
[    0.000000]  ? machine_emergency_restart+0x23/0x30
[    0.000000]  ? emergency_restart+0x26/0x30
[    0.000000]  ? panic+0x21f/0x330
[    0.000000]  ? oops_end+0xb2/0xf0
[    0.000000]  ? page_fault_oops+0x187/0x460
[    0.000000]  ? do_user_addr_fault+0x2e3/0x610
[    0.000000]  ? exc_page_fault+0x76/0x160
[    0.000000]  ? asm_exc_page_fault+0x2b/0x30
[    0.000000]  ? efi_reboot+0x3f/0x80
[    0.000000]  ? native_machine_emergency_restart+0x195/0x1e0
[    0.000000]  ? machine_emergency_restart+0x23/0x30
[    0.000000]  ? emergency_restart+0x26/0x30
[    0.000000]  ? panic+0x21f/0x330
[    0.000000]  ? oops_end+0xb2/0xf0
[    0.000000]  ? page_fault_oops+0x187/0x460
[    0.000000]  ? do_user_addr_fault+0x2e3/0x610
[    0.000000]  ? exc_page_fault+0x76/0x160
[    0.000000]  ? asm_exc_page_fault+0x2b/0x30
[    0.000000]  ? efi_reboot+0x3f/0x80
[    0.000000]  ? native_machine_emergency_restart+0x195/0x1e0
[    0.000000]  ? machine_emergency_restart+0x23/0x30
[    0.000000]  ? emergency_restart+0x26/0x30
[    0.000000]  ? panic+0x21f/0x330
[    0.000000]  ? oops_end+0xb2/0xf0
[    0.000000]  ? page_fault_oops+0x187/0x460
[    0.000000]  ? do_user_addr_fault+0x2e3/0x610
[    0.000000]  ? exc_page_fault+0x76/0x160
[    0.000000]  ? asm_exc_page_fault+0x2b/0x30
[    0.000000]  ? efi_reboot+0x3f/0x80
[    0.000000]  ? native_machine_emergency_restart+0x195/0x1e0
[    0.000000]  ? machine_emergency_restart+0x23/0x30
[    0.000000]  ? emergency_restart+0x26/0x30
[    0.000000]  ? panic+0x21f/0x330
[    0.000000]  ? oops_end+0xb2/0xf0
[    0.000000]  ? page_fault_oops+0x187/0x460
[    0.000000]  ? do_user_addr_fault+0x2e3/0x610
[    0.000000]  ? exc_page_fault+0x76/0x160
[    0.000000]  ? asm_exc_page_fault+0x2b/0x30
[    0.000000]  ? efi_reboot+0x3f/0x80
[    0.000000]  ? native_machine_emergency_restart+0x195/0x1e0
[    0.000000]  ? machine_emergency_restart+0x23/0x30
[    0.000000]  ? emergency_restart+0x26/0x30
[    0.000000]  ? panic+0x21f/0x330
[    0.000000]  ? oops_end+0xb2/0xf0
[    0.000000]  ? page_fault_oops+0x187/0x460
[    0.000000]  ? do_user_addr_fault+0x2e3/0x610
[    0.000000]  ? exc_page_fault+0x76/0x160
[    0.000000]  ? asm_exc_page_fault+0x2b/0x30
[    0.000000]  ? efi_reboot+0x3f/0x80
[    0.000000]  ? native_machine_emergency_restart+0x195/0x1e0
[    0.000000]  ? machine_emergency_restart+0x23/0x30
[    0.000000]  ? emergency_restart+0x26/0x30
[    0.000000]  ? panic+0x21f/0x330
[    0.000000]  ? oops_end+0xb2/0xf0
[    0.000000]  ? page_fault_oops+0x187/0x460
[    0.000000]  ? do_user_addr_fault+0x2e3/0x610
[    0.000000]  ? exc_page_fault+0x76/0x160
[    0.000000]  ? asm_exc_page_fault+0x2b/0x30
[    0.000000]  ? efi_reboot+0x3f/0x80
[    0.000000]  ? native_machine_emergency_restart+0x195/0x1e0
[    0.000000]  ? machine_emergency_restart+0x23/0x30
[    0.000000]  ? emergency_restart+0x26/0x30
[    0.000000]  ? panic+0x21f/0x330
[    0.000000]  ? oops_end+0xb2/0xf0
[    0.000000]  ? page_fault_oops+0x187/0x460
[    0.000000]  ? do_user_addr_fault+0x2e3/0x610
[    0.000000]  ? exc_page_fault+0x76/0x160
[    0.000000]  ? asm_exc_page_fault+0x2b/0x30
[    0.000000]  ? efi_reboot+0x3f/0x80
[    0.000000]  ? native_machine_emergency_restart+0x195/0x1e0
[    0.000000]  ? machine_emergency_restart+0x23/0x30
[    0.000000]  ? emergency_restart+0x26/0x30
[    0.000000]  ? panic+0x21f/0x330
[    0.000000]  ? oops_end+0xb2/0xf0
[    0.000000]  ? page_fault_oops+0x187/0x460
[    0.000000]  ? do_user_addr_fault+0x2e3/0x610
[    0.000000]  ? exc_page_fault+0x76/0x160
[    0.000000]  ? asm_exc_page_fault+0x2b/0x30
[    0.000000]  ? efi_reboot+0x3f/0x80
[    0.000000]  ? native_machine_emergency_restart+0x195/0x1e0
[    0.000000]  ? machine_emergency_restart+0x23/0x30
[    0.000000]  ? emergency_restart+0x26/0x30
[    0.000000]  ? panic+0x21f/0x330
[    0.000000]  ? oops_end+0xb2/0xf0
[    0.000000]  ? page_fault_oops+0x187/0x460
[    0.000000]  ? do_user_addr_fault+0x2e3/0x610
[    0.000000]  ? exc_page_fault+0x76/0x160
[    0.000000]  ? asm_exc_page_fault+0x2b/0x30
[    0.000000]  ? efi_reboot+0x3f/0x80
[    0.000000]  ? native_machine_emergency_restart+0x195/0x1e0
[    0.000000]  ? machine_emergency_restart+0x23/0x30
[    0.000000]  ? emergency_restart+0x26/0x30
[    0.000000]  ? panic+0x21f/0x330
[    0.000000]  ? oops_end+0xb2/0xf0
[    0.000000]  ? page_fault_oops+0x187/0x460
[    0.000000]  ? do_user_addr_fault+0x2e3/0x610
[    0.000000]  ? exc_page_fault+0x76/0x160
[    0.000000]  ? asm_exc_page_fault+0x2b/0x30
[    0.000000]  ? efi_reboot+0x3f/0x80
[    0.000000]  ? native_machine_emergency_restart+0x195/0x1e0
[    0.000000]  ? machine_emergency_restart+0x23/0x30
[    0.000000]  ? emergency_restart+0x26/0x30
[    0.000000]  ? panic+0x21f/0x330
[    0.000000]  ? oops_end+0xb2/0xf0
[    0.000000]  ? page_fault_oops+0x187/0x460
[    0.000000]  ? do_user_addr_fault+0x2e3/0x610
[    0.000000]  ? exc_page_fault+0x76/0x160
[    0.000000]  ? asm_exc_page_fault+0x2b/0x30
[    0.000000]  ? efi_reboot+0x3f/0x80
[    0.000000]  ? native_machine_emergency_restart+0x195/0x1e0
[    0.000000]  ? machine_emergency_restart+0x23/0x30
[    0.000000]  ? emergency_restart+0x26/0x30
[    0.000000]  ? panic+0x21f/0x330
[    0.000000]  ? oops_end+0xb2/0xf0
[    0.000000]  ? die+0x83/0x90
[    0.000000]  ? do_trap+0xc8/0xe0
[    0.000000]  ? do_error_trap+0x73/0xa0
[    0.000000]  ? its_return_thunk+0x10/0x10
[    0.000000]  ? exc_divide_error+0x3e/0x60
[    0.000000]  ? its_return_thunk+0x10/0x10
[    0.000000]  ? asm_exc_divide_error+0x1f/0x30
[    0.000000]  ? its_return_thunk+0x10/0x10
[    0.000000]  ? start_kernel+0x345/0x790
[    0.000000]  ? x86_64_start_reservations+0x25/0x40
[    0.000000]  ? x86_64_start_kernel+0x7f/0x80
[    0.000000]  ? secondary_startup_64_no_verify+0x17d/0x18b
[    0.000000]  </TASK>
[    0.000000] Modules linked in:
[    0.000000] CR2: 0000000000000000
[    0.000000] ---[ end trace 0000000000000000 ]---
[    0.000000] RIP: 0010:__x86_return_thunk+0x0/0x10
[    0.000000] Code: cc cc cc cc cc cc cc cc cc cc cc cc cc cc cc cc cc cc cc cc cc cc cc cc cc cc c3 cc 66 66 2e 0f 1f 84 00 00 00 00 00 0f 1f 00 <c3> cc cc cc cc cc cc cc cc cc cc cc cc cc cc cc e9 cb 2a f8 fe 0f
[    0.000000] RSP: 0000:ffffffffb2203ee0 EFLAGS: 00000246
[    0.000000] RAX: 0000000000000046 RBX: ffffffffb26b0020 RCX: 0000000000000020
[    0.000000] RDX: 0000000000000f80 RSI: ffff9d119feb8400 RDI: 0000000000000000
[    0.000000] RBP: ffffffffb2203f18 R08: 0000000000000001 R09: 0000000000000000
[    0.000000] R10: 0000000000000f80 R11: ffff9d119feb3b40 R12: 0000000000000000
[    0.000000] R13: 0000000000000000 R14: 0000000000000000 R15: 0000000000010000
[    0.000000] FS:  0000000000000000(0000) GS:ffff9d119f400000(0000) knlGS:0000000000000000
[    0.000000] CS:  0010 DS: 0000 ES: 0000 CR0: 0000000080050033
[    0.000000] CR2: ffffffffffffffd6 CR3: 0000000012232001 CR4: 00000000000200b0
[    0.000000] Kernel panic - not syncing: Fatal exception
[    0.000000] BUG: kernel NULL pointer dereference, address: 0000000000000000
[    0.000000] #PF: supervisor instruction fetch in kernel mode
[    0.000000] #PF: error_code(0x0010) - not-present page
[    0.000000] PGD 0 P4D 0 
[    0.000000] Thread overran stack, or stack corrupted
[    0.000000] Oops: 0010 [#24] PREEMPT SMP PTI
[    0.000000] CPU: 0 PID: 0 Comm: swapper/0 Tainted: G      D            6.6.114.1-microsoft-standard-WSL2 #1
[    0.000000] RIP: 0010:0x0
[    0.000000] Code: Unable to access opcode bytes at 0xffffffffffffffd6.
[    0.000000] RSP: 0000:ffffffffb21fffb0 EFLAGS: 00010046
[    0.000000] RAX: 0000000000000000 RBX: ffffffffb194fae1 RCX: 0000000000000000
[    0.000000] RDX: 0000000000000000 RSI: 0000000000000000 RDI: 0000000000000000
[    0.000000] RBP: ffffffffb21fffb8 R08: 0000000000000000 R09: ffffffffb21ffe08
[    0.000000] R10: 0000000000000003 R11: ffffffffb2353128 R12: 0000000000000000
[    0.000000] R13: 0000000000000000 R14: 0000000000000000 R15: 0000000000000065
[    0.000000] FS:  0000000000000000(0000) GS:ffff9d119f400000(0000) knlGS:0000000000000000
[    0.000000] CS:  0010 DS: 0000 ES: 0000 CR0: 0000000080050033
[    0.000000] CR2: ffffffffffffffd6 CR3: 0000000012232001 CR4: 00000000000200b0
[    0.000000] Call Trace:
[    0.000000]  <TASK>
[    0.000000]  ? emergency_restart+0x26/0x30
[    0.000000]  ? panic+0x21f/0x330
[    0.000000]  ? oops_end+0xb2/0xf0
[    0.000000]  ? page_fault_oops+0x187/0x460
[    0.000000]  ? do_user_addr_fault+0x2e3/0x610
[    0.000000]  ? exc_page_fault+0x76/0x160
[    0.000000]  ? asm_exc_page_fault+0x2b/0x30
[    0.000000]  ? efi_reboot+0x3f/0x80
[    0.000000]  ? native_machine_emergency_restart+0x195/0x1e0
[    0.000000]  ? machine_emergency_restart+0x23/0x30
[    0.000000]  ? emergency_restart+0x26/0x30
[    0.000000]  ? panic+0x21f/0x330
[    0.000000]  ? oops_end+0xb2/0xf0
[    0.000000]  ? page_fault_oops+0x187/0x460
[    0.000000]  ? do_user_addr_fault+0x2e3/0x610
[    0.000000]  ? exc_page_fault+0x76/0x160
[    0.000000]  ? asm_exc_page_fault+0x2b/0x30
[    0.000000]  ? efi_reboot+0x3f/0x80
[    0.000000]  ? native_machine_emergency_restart+0x195/0x1e0
[    0.000000]  ? machine_emergency_restart+0x23/0x30
[    0.000000]  ? emergency_restart+0x26/0x30
[    0.000000]  ? panic+0x21f/0x330
[    0.000000]  ? oops_end+0xb2/0xf0
[    0.000000]  ? page_fault_oops+0x187/0x460
[    0.000000]  ? do_user_addr_fault+0x2e3/0x610
[    0.000000]  ? exc_page_fault+0x76/0x160
[    0.000000]  ? asm_exc_page_fault+0x2b/0x30
[    0.000000]  ? efi_reboot+0x3f/0x80
[    0.000000]  ? native_machine_emergency_restart+0x195/0x1e0
[    0.000000]  ? machine_emergency_restart+0x23/0x30
[    0.000000]  ? emergency_restart+0x26/0x30
[    0.000000]  ? panic+0x21f/0x330
[    0.000000]  ? oops_end+0xb2/0xf0
[    0.000000]  ? page_fault_oops+0x187/0x460
[    0.000000]  ? do_user_addr_fault+0x2e3/0x610
[    0.000000]  ? exc_page_fault+0x76/0x160
[    0.000000]  ? asm_exc_page_fault+0x2b/0x30
[    0.000000]  ? efi_reboot+0x3f/0x80
[    0.000000]  ? native_machine_emergency_restart+0x195/0x1e0
[    0.000000]  ? machine_emergency_restart+0x23/0x30
[    0.000000]  ? emergency_restart+0x26/0x30
[    0.000000]  ? panic+0x21f/0x330
[    0.000000]  ? oops_end+0xb2/0xf0
[    0.000000]  ? page_fault_oops+0x187/0x460
[    0.000000]  ? do_user_addr_fault+0x2e3/0x610
[    0.000000]  ? exc_page_fault+0x76/0x160
[    0.000000]  ? asm_exc_page_fault+0x2b/0x30
[    0.000000]  ? efi_reboot+0x3f/0x80
[    0.000000]  ? native_machine_emergency_restart+0x195/0x1e0
[    0.000000]  ? machine_emergency_restart+0x23/0x30
[    0.000000]  ? emergency_restart+0x26/0x30
[    0.000000]  ? panic+0x21f/0x330
[    0.000000]  ? oops_end+0xb2/0xf0
[    0.000000]  ? page_fault_oops+0x187/0x460
[    0.000000]  ? do_user_addr_fault+0x2e3/0x610
[    0.000000]  ? exc_page_fault+0x76/0x160
[    0.000000]  ? asm_exc_page_fault+0x2b/0x30
[    0.000000]  ? efi_reboot+0x3f/0x80
[    0.000000]  ? native_machine_emergency_restart+0x195/0x1e0
[    0.000000]  ? machine_emergency_restart+0x23/0x30
[    0.000000]  ? emergency_restart+0x26/0x30
[    0.000000]  ? panic+0x21f/0x330
[    0.000000]  ? oops_end+0xb2/0xf0
[    0.000000]  ? page_fault_oops+0x187/0x460
[    0.000000]  ? do_user_addr_fault+0x2e3/0x610
[    0.000000]  ? exc_page_fault+0x76/0x160
[    0.000000]  ? asm_exc_page_fault+0x2b/0x30
[    0.000000]  ? efi_reboot+0x3f/0x80
[    0.000000]  ? native_machine_emergency_restart+0x195/0x1e0
[    0.000000]  ? machine_emergency_restart+0x23/0x30
[    0.000000]  ? emergency_restart+0x26/0x30
[    0.000000]  ? panic+0x21f/0x330
[    0.000000]  ? oops_end+0xb2/0xf0
[    0.000000]  ? page_fault_oops+0x187/0x460
[    0.000000]  ? do_user_addr_fault+0x2e3/0x610
[    0.000000]  ? exc_page_fault+0x76/0x160
[    0.000000]  ? asm_exc_page_fault+0x2b/0x30
[    0.000000]  ? efi_reboot+0x3f/0x80
[    0.000000]  ? native_machine_emergency_restart+0x195/0x1e0
[    0.000000]  ? machine_emergency_restart+0x23/0x30
[    0.000000]  ? emergency_restart+0x26/0x30
[    0.000000]  ? panic+0x21f/0x330
[    0.000000]  ? oops_end+0xb2/0xf0
[    0.000000]  ? page_fault_oops+0x187/0x460
[    0.000000]  ? do_user_addr_fault+0x2e3/0x610
[    0.000000]  ? exc_page_fault+0x76/0x160
[    0.000000]  ? asm_exc_page_fault+0x2b/0x30
[    0.000000]  ? efi_reboot+0x3f/0x80
[    0.000000]  ? native_machine_emergency_restart+0x195/0x1e0
[    0.000000]  ? machine_emergency_restart+0x23/0x30
[    0.000000]  ? emergency_restart+0x26/0x30
[    0.000000]  ? panic+0x21f/0x330
[    0.000000]  ? oops_end+0xb2/0xf0
[    0.000000]  ? page_fault_oops+0x187/0x460
[    0.000000]  ? do_user_addr_fault+0x2e3/0x610
[    0.000000]  ? exc_page_fault+0x76/0x160
[    0.000000]  ? asm_exc_page_fault+0x2b/0x30
[    0.000000]  ? efi_reboot+0x3f/0x80
[    0.000000]  ? native_machine_emergency_restart+0x195/0x1e0
[    0.000000]  ? machine_emergency_restart+0x23/0x30
[    0.000000]  ? emergency_restart+0x26/0x30
[    0.000000]  ? panic+0x21f/0x330
[    0.000000]  ? oops_end+0xb2/0xf0
[    0.000000]  ? page_fault_oops+0x187/0x460
[    0.000000]  ? do_user_addr_fault+0x2e3/0x610
[    0.000000]  ? exc_page_fault+0x76/0x160
[    0.000000]  ? asm_exc_page_fault+0x2b/0x30
[    0.000000]  ? efi_reboot+0x3f/0x80
[    0.000000]  ? native_machine_emergency_restart+0x195/0x1e0
[    0.000000]  ? machine_emergency_restart+0x23/0x30
[    0.000000]  ? emergency_restart+0x26/0x30
[    0.000000]  ? panic+0x21f/0x330
[    0.000000]  ? oops_end+0xb2/0xf0
[    0.000000]  ? page_fault_oops+0x187/0x460
[    0.000000]  ? do_user_addr_fault+0x2e3/0x610
[    0.000000]  ? exc_page_fault+0x76/0x160
[    0.000000]  ? asm_exc_page_fault+0x2b/0x30
[    0.000000]  ? efi_reboot+0x3f/0x80
[    0.000000]  ? native_machine_emergency_restart+0x195/0x1e0
[    0.000000]  ? machine_emergency_restart+0x23/0x30
[    0.000000]  ? emergency_restart+0x26/0x30
[    0.000000]  ? panic+0x21f/0x330
[    0.000000]  ? oops_end+0xb2/0xf0
[    0.000000]  ? page_fault_oops+0x187/0x460
[    0.000000]  ? do_user_addr_fault+0x2e3/0x610
[    0.000000]  ? exc_page_fault+0x76/0x160
[    0.000000]  ? asm_exc_page_fault+0x2b/0x30
[    0.000000]  ? efi_reboot+0x3f/0x80
[    0.000000]  ? native_machine_emergency_restart+0x195/0x1e0
[    0.000000]  ? machine_emergency_restart+0x23/0x30
[    0.000000]  ? emergency_restart+0x26/0x30
[    0.000000]  ? panic+0x21f/0x330
[    0.000000]  ? oops_end+0xb2/0xf0
[    0.000000]  ? page_fault_oops+0x187/0x460
[    0.000000]  ? do_user_addr_fault+0x2e3/0x610
[    0.000000]  ? exc_page_fault+0x76/0x160
[    0.000000]  ? asm_exc_page_fault+0x2b/0x30
[    0.000000]  ? efi_reboot+0x3f/0x80
[    0.000000]  ? native_machine_emergency_restart+0x195/0x1e0
[    0.000000]  ? machine_emergency_restart+0x23/0x30
[    0.000000]  ? emergency_restart+0x26/0x30
[    0.000000]  ? panic+0x21f/0x330
[    0.000000]  ? oops_end+0xb2/0xf0
[    0.000000]  ? page_fault_oops+0x187/0x460
[    0.000000]  ? do_user_addr_fault+0x2e3/0x610
[    0.000000]  ? exc_page_fault+0x76/0x160
[    0.000000]  ? asm_exc_page_fault+0x2b/0x30
[    0.000000]  ? efi_reboot+0x3f/0x80
[    0.000000]  ? native_machine_emergency_restart+0x195/0x1e0
[    0.000000]  ? machine_emergency_restart+0x23/0x30
[    0.000000]  ? emergency_restart+0x26/0x30
[    0.000000]  ? panic+0x21f/0x330
[    0.000000]  ? oops_end+0xb2/0xf0
[    0.000000]  ? page_fault_oops+0x187/0x460
[    0.000000]  ? do_user_addr_fault+0x2e3/0x610
[    0.000000]  ? exc_page_fault+0x76/0x160
[    0.000000]  ? asm_exc_page_fault+0x2b/0x30
[    0.000000]  ? efi_reboot+0x3f/0x80
[    0.000000]  ? native_machine_emergency_restart+0x195/0x1e0
[    0.000000]  ? machine_emergency_restart+0x23/0x30
[    0.000000]  ? emergency_restart+0x26/0x30
[    0.000000]  ? panic+0x21f/0x330
[    0.000000]  ? oops_end+0xb2/0xf0
[    0.000000]  ? page_fault_oops+0x187/0x460
[    0.000000]  ? do_user_addr_fault+0x2e3/0x610
[    0.000000]  ? exc_page_fault+0x76/0x160
[    0.000000]  ? asm_exc_page_fault+0x2b/0x30
[    0.000000]  ? efi_reboot+0x3f/0x80
[    0.000000]  ? native_machine_emergency_restart+0x195/0x1e0
[    0.000000]  ? machine_emergency_restart+0x23/0x30
[    0.000000]  ? emergency_restart+0x26/0x30
[    0.000000]  ? panic+0x21f/0x330
[    0.000000]  ? oops_end+0xb2/0xf0
[    0.000000]  ? page_fault_oops+0x187/0x460
[    0.000000]  ? do_user_addr_fault+0x2e3/0x610
[    0.000000]  ? exc_page_fault+0x76/0x160
[    0.000000]  ? asm_exc_page_fault+0x2b/0x30
[    0.000000]  ? efi_reboot+0x3f/0x80
[    0.000000]  ? native_machine_emergency_restart+0x195/0x1e0
[    0.000000]  ? machine_emergency_restart+0x23/0x30
[    0.000000]  ? emergency_restart+0x26/0x30
[    0.000000]  ? panic+0x21f/0x330
[    0.000000]  ? oops_end+0xb2/0xf0
[    0.000000]  ? page_fault_oops+0x187/0x460
[    0.000000]  ? do_user_addr_fault+0x2e3/0x610
[    0.000000]  ? exc_page_fault+0x76/0x160
[    0.000000]  ? asm_exc_page_fault+0x2b/0x30
[    0.000000]  ? efi_reboot+0x3f/0x80
[    0.000000]  ? native_machine_emergency_restart+0x195/0x1e0
[    0.000000]  ? machine_emergency_restart+0x23/0x30
[    0.000000]  ? emergency_restart+0x26/0x30
[    0.000000]  ? panic+0x21f/0x330
[    0.000000]  ? oops_end+0xb2/0xf0
[    0.000000]  ? page_fault_oops+0x187/0x460
[    0.000000]  ? do_user_addr_fault+0x2e3/0x610
[    0.000000]  ? exc_page_fault+0x76/0x160
[    0.000000]  ? asm_exc_page_fault+0x2b/0x30
[    0.000000]  ? efi_reboot+0x3f/0x80
[    0.000000]  ? native_machine_emergency_restart+0x195/0x1e0
[    0.000000]  ? machine_emergency_restart+0x23/0x30
[    0.000000]  ? emergency_restart+0x26/0x30
[    0.000000]  ? panic+0x21f/0x330
[    0.000000]  ? oops_end+0xb2/0xf0
[    0.000000]  ? page_fault_oops+0x187/0x460
[    0.000000]  ? do_user_addr_fault+0x2e3/0x610
[    0.000000]  ? exc_page_fault+0x76/0x160
[    0.000000]  ? asm_exc_page_fault+0x2b/0x30
[    0.000000]  ? efi_reboot+0x3f/0x80
[    0.000000]  ? native_machine_emergency_restart+0x195/0x1e0
[    0.000000]  ? machine_emergency_restart+0x23/0x30
[    0.000000]  ? emergency_restart+0x26/0x30
[    0.000000]  ? panic+0x21f/0x330
[    0.000000]  ? oops_end+0xb2/0xf0
[    0.000000]  ? page_fault_oops+0x187/0x460
[    0.000000]  ? do_user_addr_fault+0x2e3/0x610
[    0.000000]  ? exc_page_fault+0x76/0x160
[    0.000000]  ? asm_exc_page_fault+0x2b/0x30
[    0.000000]  ? efi_reboot+0x3f/0x80
[    0.000000]  ? native_machine_emergency_restart+0x195/0x1e0
[    0.000000]  ? machine_emergency_restart+0x23/0x30
[    0.000000]  ? emergency_restart+0x26/0x30
[    0.000000]  ? panic+0x21f/0x330
[    0.000000]  ? oops_end+0xb2/0xf0
[    0.000000]  ? die+0x83/0x90
[    0.000000]  ? do_trap+0xc8/0xe0
[    0.000000]  ? do_error_trap+0x73/0xa0
[    0.000000]  ? its_return_thunk+0x10/0x10
[    0.000000]  ? exc_divide_error+0x3e/0x60
[    0.000000]  ? its_return_thunk+0x10/0x10
[    0.000000]  ? asm_exc_divide_error+0x1f/0x30
[    0.000000]  ? its_return_thunk+0x10/0x10
[    0.000000]  ? start_kernel+0x345/0x790
[    0.000000]  ? x86_64_start_reservations+0x25/0x40
[    0.000000]  ? x86_64_start_kernel+0x7f/0x80
[    0.000000]  ? secondary_startup_64_no_verify+0x17d/0x18b
[    0.000000]  </TASK>
[    0.000000] Modules linked in:
[    0.000000] CR2: 0000000000000000
[    0.000000] ---[ end trace 0000000000000000 ]---
[    0.000000] RIP: 0010:__x86_return_thunk+0x0/0x10
[    0.000000] Code: cc cc cc cc cc cc cc cc cc cc cc cc cc cc cc cc cc cc cc cc cc cc cc cc cc cc c3 cc 66 66 2e 0f 1f 84 00 00 00 00 00 0f 1f 00 <c3> cc cc cc cc cc cc cc cc cc cc cc cc cc cc cc e9 cb 2a f8 fe 0f
[    0.000000] RSP: 0000:ffffffffb2203ee0 EFLAGS: 00000246
[    0.000000] RAX: 0000000000000046 RBX: ffffffffb26b0020 RCX: 0000000000000020
[    0.000000] RDX: 0000000000000f80 RSI: ffff9d119feb8400 RDI: 0000000000000000
[    0.000000] RBP: ffffffffb2203f18 R08: 0000000000000001 R09: 0000000000000000
[    0.000000] R10: 0000000000000f80 R11: ffff9d119feb3b40 R12: 0000000000000000
[    0.000000] R13: 0000000000000000 R14: 0000000000000000 R15: 0000000000010000
[    0.000000] FS:  0000000000000000(0000) GS:ffff9d119f400000(0000) knlGS:0000000000000000
[    0.000000] CS:  0010 DS: 0000 ES: 0000 CR0: 0000000080050033
[    0.000000] CR2: ffffffffffffffd6 CR3: 0000000012232001 CR4: 00000000000200b0
[    0.000000] Kernel panic - not syncing: Fatal exception
[    0.000000] BUG: kernel NULL pointer dereference, address: 0000000000000000
[    0.000000] #PF: supervisor instruction fetch in kernel mode
[    0.000000] #PF: error_code(0x0010) - not-present page
[    0.000000] PGD 0 P4D 0 
[    0.000000] Thread overran stack, or stack corrupted
[    0.000000] Oops: 0010 [#25] PREEMPT SMP PTI
[    0.000000] CPU: 0 PID: 0 Comm: swapper/0 Tainted: G      D            6.6.114.1-microsoft-standard-WSL2 #1
[    0.000000] RIP: 0010:0x0
[    0.000000] Code: Unable to access opcode bytes at 0xffffffffffffffd6.
[    0.000000] RSP: 0000:ffffffffb21ffcf0 EFLAGS: 00010046
[    0.000000] RAX: 0000000000000000 RBX: ffffffffb194fae1 RCX: 0000000000000000
[    0.000000] RDX: 0000000000000000 RSI: 0000000000000000 RDI: 0000000000000000
[    0.000000] RBP: ffffffffb21ffcf8 R08: 0000000000000000 R09: ffffffffb21ffb48
[    0.000000] R10: 0000000000000003 R11: ffffffffb2353128 R12: 0000000000000000
[    0.000000] R13: 0000000000000000 R14: 0000000000000000 R15: 0000000000000065
[    0.000000] FS:  0000000000000000(0000) GS:ffff9d119f400000(0000) knlGS:0000000000000000
[    0.000000] CS:  0010 DS: 0000 ES: 0000 CR0: 0000000080050033
[    0.000000] CR2: ffffffffffffffd6 CR3: 0000000012232001 CR4: 00000000000200b0
[    0.000000] Call Trace:
[    0.000000]  <TASK>
[    0.000000]  ? emergency_restart+0x26/0x30
[    0.000000]  ? panic+0x21f/0x330
[    0.000000]  ? oops_end+0xb2/0xf0
[    0.000000]  ? page_fault_oops+0x187/0x460
[    0.000000]  ? do_user_addr_fault+0x2e3/0x610
[    0.000000]  ? exc_page_fault+0x76/0x160
[    0.000000]  ? asm_exc_page_fault+0x2b/0x30
[    0.000000]  ? efi_reboot+0x3f/0x80
[    0.000000]  ? native_machine_emergency_restart+0x195/0x1e0
[    0.000000]  ? machine_emergency_restart+0x23/0x30
[    0.000000]  ? emergency_restart+0x26/0x30
[    0.000000]  ? panic+0x21f/0x330
[    0.000000]  ? oops_end+0xb2/0xf0
[    0.000000]  ? page_fault_oops+0x187/0x460
[    0.000000]  ? do_user_addr_fault+0x2e3/0x610
[    0.000000]  ? exc_page_fault+0x76/0x160
[    0.000000]  ? asm_exc_page_fault+0x2b/0x30
[    0.000000]  ? efi_reboot+0x3f/0x80
[    0.000000]  ? native_machine_emergency_restart+0x195/0x1e0
[    0.000000]  ? machine_emergency_restart+0x23/0x30
[    0.000000]  ? emergency_restart+0x26/0x30
[    0.000000]  ? panic+0x21f/0x330
[    0.000000]  ? oops_end+0xb2/0xf0
[    0.000000]  ? page_fault_oops+0x187/0x460
[    0.000000]  ? do_user_addr_fault+0x2e3/0x610
[    0.000000]  ? exc_page_fault+0x76/0x160
[    0.000000]  ? asm_exc_page_fault+0x2b/0x30
[    0.000000]  ? efi_reboot+0x3f/0x80
[    0.000000]  ? native_machine_emergency_restart+0x195/0x1e0
[    0.000000]  ? machine_emergency_restart+0x23/0x30
[    0.000000]  ? emergency_restart+0x26/0x30
[    0.000000]  ? panic+0x21f/0x330
[    0.000000]  ? oops_end+0xb2/0xf0
[    0.000000]  ? page_fault_oops+0x187/0x460
[    0.000000]  ? do_user_addr_fault+0x2e3/0x610
[    0.000000]  ? exc_page_fault+0x76/0x160
[    0.000000]  ? asm_exc_page_fault+0x2b/0x30
[    0.000000]  ? efi_reboot+0x3f/0x80
[    0.000000]  ? native_machine_emergency_restart+0x195/0x1e0
[    0.000000]  ? machine_emergency_restart+0x23/0x30
[    0.000000]  ? emergency_restart+0x26/0x30
[    0.000000]  ? panic+0x21f/0x330
[    0.000000]  ? oops_end+0xb2/0xf0
[    0.000000]  ? page_fault_oops+0x187/0x460
[    0.000000]  ? do_user_addr_fault+0x2e3/0x610
[    0.000000]  ? exc_page_fault+0x76/0x160
[    0.000000]  ? asm_exc_page_fault+0x2b/0x30
[    0.000000]  ? efi_reboot+0x3f/0x80
[    0.000000]  ? native_machine_emergency_restart+0x195/0x1e0
[    0.000000]  ? machine_emergency_restart+0x23/0x30
[    0.000000]  ? emergency_restart+0x26/0x30
[    0.000000]  ? panic+0x21f/0x330
[    0.000000]  ? oops_end+0xb2/0xf0
[    0.000000]  ? page_fault_oops+0x187/0x460
[    0.000000]  ? do_user_addr_fault+0x2e3/0x610
[    0.000000]  ? exc_page_fault+0x76/0x160
[    0.000000]  ? asm_exc_page_fault+0x2b/0x30
[    0.000000]  ? efi_reboot+0x3f/0x80
[    0.000000]  ? native_machine_emergency_restart+0x195/0x1e0
[    0.000000]  ? machine_emergency_restart+0x23/0x30
[    0.000000]  ? emergency_restart+0x26/0x30
[    0.000000]  ? panic+0x21f/0x330
[    0.000000]  ? oops_end+0xb2/0xf0
[    0.000000]  ? page_fault_oops+0x187/0x460
[    0.000000]  ? do_user_addr_fault+0x2e3/0x610
[    0.000000]  ? exc_page_fault+0x76/0x160
[    0.000000]  ? asm_exc_page_fault+0x2b/0x30
[    0.000000]  ? efi_reboot+0x3f/0x80
[    0.000000]  ? native_machine_emergency_restart+0x195/0x1e0
[    0.000000]  ? machine_emergency_restart+0x23/0x30
[    0.000000]  ? emergency_restart+0x26/0x30
[    0.000000]  ? panic+0x21f/0x330
[    0.000000]  ? oops_end+0xb2/0xf0
[    0.000000]  ? page_fault_oops+0x187/0x460
[    0.000000]  ? do_user_addr_fault+0x2e3/0x610
[    0.000000]  ? exc_page_fault+0x76/0x160
[    0.000000]  ? asm_exc_page_fault+0x2b/0x30
[    0.000000]  ? efi_reboot+0x3f/0x80
[    0.000000]  ? native_machine_emergency_restart+0x195/0x1e0
[    0.000000]  ? machine_emergency_restart+0x23/0x30
[    0.000000]  ? emergency_restart+0x26/0x30
[    0.000000]  ? panic+0x21f/0x330
[    0.000000]  ? oops_end+0xb2/0xf0
[    0.000000]  ? page_fault_oops+0x187/0x460
[    0.000000]  ? do_user_addr_fault+0x2e3/0x610
[    0.000000]  ? exc_page_fault+0x76/0x160
[    0.000000]  ? asm_exc_page_fault+0x2b/0x30
[    0.000000]  ? efi_reboot+0x3f/0x80
[    0.000000]  ? native_machine_emergency_restart+0x195/0x1e0
[    0.000000]  ? machine_emergency_restart+0x23/0x30
[    0.000000]  ? emergency_restart+0x26/0x30
[    0.000000]  ? panic+0x21f/0x330
[    0.000000]  ? oops_end+0xb2/0xf0
[    0.000000]  ? page_fault_oops+0x187/0x460
[    0.000000]  ? do_user_addr_fault+0x2e3/0x610
[    0.000000]  ? exc_page_fault+0x76/0x160
[    0.000000]  ? asm_exc_page_fault+0x2b/0x30
[    0.000000]  ? efi_reboot+0x3f/0x80
[    0.000000]  ? native_machine_emergency_restart+0x195/0x1e0
[    0.000000]  ? machine_emergency_restart+0x23/0x30
[    0.000000]  ? emergency_restart+0x26/0x30
[    0.000000]  ? panic+0x21f/0x330
[    0.000000]  ? oops_end+0xb2/0xf0
[    0.000000]  ? page_fault_oops+0x187/0x460
[    0.000000]  ? do_user_addr_fault+0x2e3/0x610
[    0.000000]  ? exc_page_fault+0x76/0x160
[    0.000000]  ? asm_exc_page_fault+0x2b/0x30
[    0.000000]  ? efi_reboot+0x3f/0x80
[    0.000000]  ? native_machine_emergency_restart+0x195/0x1e0
[    0.000000]  ? machine_emergency_restart+0x23/0x30
[    0.000000]  ? emergency_restart+0x26/0x30
[    0.000000]  ? panic+0x21f/0x330
[    0.000000]  ? oops_end+0xb2/0xf0
[    0.000000]  ? page_fault_oops+0x187/0x460
[    0.000000]  ? do_user_addr_fault+0x2e3/0x610
[    0.000000]  ? exc_page_fault+0x76/0x160
[    0.000000]  ? asm_exc_page_fault+0x2b/0x30
[    0.000000]  ? efi_reboot+0x3f/0x80
[    0.000000]  ? native_machine_emergency_restart+0x195/0x1e0
[    0.000000]  ? machine_emergency_restart+0x23/0x30
[    0.000000]  ? emergency_restart+0x26/0x30
[    0.000000]  ? panic+0x21f/0x330
[    0.000000]  ? oops_end+0xb2/0xf0
[    0.000000]  ? page_fault_oops+0x187/0x460
[    0.000000]  ? do_user_addr_fault+0x2e3/0x610
[    0.000000]  ? exc_page_fault+0x76/0x160
[    0.000000]  ? asm_exc_page_fault+0x2b/0x30
[    0.000000]  ? efi_reboot+0x3f/0x80
[    0.000000]  ? native_machine_emergency_restart+0x195/0x1e0
[    0.000000]  ? machine_emergency_restart+0x23/0x30
[    0.000000]  ? emergency_restart+0x26/0x30
[    0.000000]  ? panic+0x21f/0x330
[    0.000000]  ? oops_end+0xb2/0xf0
[    0.000000]  ? page_fault_oops+0x187/0x460
[    0.000000]  ? do_user_addr_fault+0x2e3/0x610
[    0.000000]  ? exc_page_fault+0x76/0x160
[    0.000000]  ? asm_exc_page_fault+0x2b/0x30
[    0.000000]  ? efi_reboot+0x3f/0x80
[    0.000000]  ? native_machine_emergency_restart+0x195/0x1e0
[    0.000000]  ? machine_emergency_restart+0x23/0x30
[    0.000000]  ? emergency_restart+0x26/0x30
[    0.000000]  ? panic+0x21f/0x330
[    0.000000]  ? oops_end+0xb2/0xf0
[    0.000000]  ? page_fault_oops+0x187/0x460
[    0.000000]  ? do_user_addr_fault+0x2e3/0x610
[    0.000000]  ? exc_page_fault+0x76/0x160
[    0.000000]  ? asm_exc_page_fault+0x2b/0x30
[    0.000000]  ? efi_reboot+0x3f/0x80
[    0.000000]  ? native_machine_emergency_restart+0x195/0x1e0
[    0.000000]  ? machine_emergency_restart+0x23/0x30
[    0.000000]  ? emergency_restart+0x26/0x30
[    0.000000]  ? panic+0x21f/0x330
[    0.000000]  ? oops_end+0xb2/0xf0
[    0.000000]  ? page_fault_oops+0x187/0x460
[    0.000000]  ? do_user_addr_fault+0x2e3/0x610
[    0.000000]  ? exc_page_fault+0x76/0x160
[    0.000000]  ? asm_exc_page_fault+0x2b/0x30
[    0.000000]  ? efi_reboot+0x3f/0x80
[    0.000000]  ? native_machine_emergency_restart+0x195/0x1e0
[    0.000000]  ? machine_emergency_restart+0x23/0x30
[    0.000000]  ? emergency_restart+0x26/0x30
[    0.000000]  ? panic+0x21f/0x330
[    0.000000]  ? oops_end+0xb2/0xf0
[    0.000000]  ? page_fault_oops+0x187/0x460
[    0.000000]  ? do_user_addr_fault+0x2e3/0x610
[    0.000000]  ? exc_page_fault+0x76/0x160
[    0.000000]  ? asm_exc_page_fault+0x2b/0x30
[    0.000000]  ? efi_reboot+0x3f/0x80
[    0.000000]  ? native_machine_emergency_restart+0x195/0x1e0
[    0.000000]  ? machine_emergency_restart+0x23/0x30
[    0.000000]  ? emergency_restart+0x26/0x30
[    0.000000]  ? panic+0x21f/0x330
[    0.000000]  ? oops_end+0xb2/0xf0
[    0.000000]  ? page_fault_oops+0x187/0x460
[    0.000000]  ? do_user_addr_fault+0x2e3/0x610
[    0.000000]  ? exc_page_fault+0x76/0x160
[    0.000000]  ? asm_exc_page_fault+0x2b/0x30
[    0.000000]  ? efi_reboot+0x3f/0x80
[    0.000000]  ? native_machine_emergency_restart+0x195/0x1e0
[    0.000000]  ? machine_emergency_restart+0x23/0x30
[    0.000000]  ? emergency_restart+0x26/0x30
[    0.000000]  ? panic+0x21f/0x330
[    0.000000]  ? oops_end+0xb2/0xf0
[    0.000000]  ? page_fault_oops+0x187/0x460
[    0.000000]  ? do_user_addr_fault+0x2e3/0x610
[    0.000000]  ? exc_page_fault+0x76/0x160
[    0.000000]  ? asm_exc_page_fault+0x2b/0x30
[    0.000000]  ? efi_reboot+0x3f/0x80
[    0.000000]  ? native_machine_emergency_restart+0x195/0x1e0
[    0.000000]  ? machine_emergency_restart+0x23/0x30
[    0.000000]  ? emergency_restart+0x26/0x30
[    0.000000]  ? panic+0x21f/0x330
[    0.000000]  ? oops_end+0xb2/0xf0
[    0.000000]  ? page_fault_oops+0x187/0x460
[    0.000000]  ? do_user_addr_fault+0x2e3/0x610
[    0.000000]  ? exc_page_fault+0x76/0x160
[    0.000000]  ? asm_exc_page_fault+0x2b/0x30
[    0.000000]  ? efi_reboot+0x3f/0x80
[    0.000000]  ? native_machine_emergency_restart+0x195/0x1e0
[    0.000000]  ? machine_emergency_restart+0x23/0x30
[    0.000000]  ? emergency_restart+0x26/0x30
[    0.000000]  ? panic+0x21f/0x330
[    0.000000]  ? oops_end+0xb2/0xf0
[    0.000000]  ? page_fault_oops+0x187/0x460
[    0.000000]  ? do_user_addr_fault+0x2e3/0x610
[    0.000000]  ? exc_page_fault+0x76/0x160
[    0.000000]  ? asm_exc_page_fault+0x2b/0x30
[    0.000000]  ? efi_reboot+0x3f/0x80
[    0.000000]  ? native_machine_emergency_restart+0x195/0x1e0
[    0.000000]  ? machine_emergency_restart+0x23/0x30
[    0.000000]  ? emergency_restart+0x26/0x30
[    0.000000]  ? panic+0x21f/0x330
[    0.000000]  ? oops_end+0xb2/0xf0
[    0.000000]  ? page_fault_oops+0x187/0x460
[    0.000000]  ? do_user_addr_fault+0x2e3/0x610
[    0.000000]  ? exc_page_fault+0x76/0x160
[    0.000000]  ? asm_exc_page_fault+0x2b/0x30
[    0.000000]  ? efi_reboot+0x3f/0x80
[    0.000000]  ? native_machine_emergency_restart+0x195/0x1e0
[    0.000000]  ? machine_emergency_restart+0x23/0x30
[    0.000000]  ? emergency_restart+0x26/0x30
[    0.000000]  ? panic+0x21f/0x330
[    0.000000]  ? oops_end+0xb2/0xf0
[    0.000000]  ? die+0x83/0x90
[    0.000000]  ? do_trap+0xc8/0xe0
[    0.000000]  ? do_error_trap+0x73/0xa0
[    0.000000]  ? its_return_thunk+0x10/0x10
[    0.000000]  ? exc_divide_error+0x3e/0x60
[    0.000000]  ? its_return_thunk+0x10/0x10
[    0.000000]  ? asm_exc_divide_error+0x1f/0x30
[    0.000000]  ? its_return_thunk+0x10/0x10
[    0.000000]  ? start_kernel+0x345/0x790
[    0.000000]  ? x86_64_start_reservations+0x25/0x40
[    0.000000]  ? x86_64_start_kernel+0x7f/0x80
[    0.000000]  ? secondary_startup_64_no_verify+0x17d/0x18b
[    0.000000]  </TASK>
[    0.000000] Modules linked in:
[    0.000000] CR2: 0000000000000000
[    0.000000] ---[ end trace 0000000000000000 ]---
[    0.000000] RIP: 0010:__x86_return_thunk+0x0/0x10
[    0.000000] Code: cc cc cc cc cc cc cc cc cc cc cc cc cc cc cc cc cc cc cc cc cc cc cc cc cc cc c3 cc 66 66 2e 0f 1f 84 00 00 00 00 00 0f 1f 00 <c3> cc cc cc cc cc cc cc cc cc cc cc cc cc cc cc e9 cb 2a f8 fe 0f
[    0.000000] RSP: 0000:ffffffffb2203ee0 EFLAGS: 00000246
[    0.000000] RAX: 0000000000000046 RBX: ffffffffb26b0020 RCX: 0000000000000020
[    0.000000] RDX: 0000000000000f80 RSI: ffff9d119feb8400 RDI: 0000000000000000
[    0.000000] RBP: ffffffffb2203f18 R08: 0000000000000001 R09: 0000000000000000
[    0.000000] R10: 0000000000000f80 R11: ffff9d119feb3b40 R12: 0000000000000000
[    0.000000] R13: 0000000000000000 R14: 0000000000000000 R15: 0000000000010000
[    0.000000] FS:  0000000000000000(0000) GS:ffff9d119f400000(0000) knlGS:0000000000000000
[    0.000000] CS:  0010 DS: 0000 ES: 0000 CR0: 0000000080050033
[    0.000000] CR2: ffffffffffffffd6 CR3: 0000000012232001 CR4: 00000000000200b0
[    0.000000] Kernel panic - not syncing: Fatal exception
[    0.000000] BUG: kernel NULL pointer dereference, address: 0000000000000000
[    0.000000] #PF: supervisor instruction fetch in kernel mode
[    0.000000] #PF: error_code(0x0010) - not-present page
[    0.000000] PGD 0 P4D 0 
[    0.000000] Thread overran stack, or stack corrupted
[    0.000000] Oops: 0010 [#26] PREEMPT SMP PTI
[    0.000000] CPU: 0 PID: 0 Comm: swapper/0 Tainted: G      D            6.6.114.1-microsoft-standard-WSL2 #1
[    0.000000] RIP: 0010:0x0
[    0.000000] Code: Unable to access opcode bytes at 0xffffffffffffffd6.
[    0.000000] RSP: 0000:ffffffffb21ffa30 EFLAGS: 00010046
[    0.000000] RAX: 0000000000000000 RBX: ffffffffb194fae1 RCX: 0000000000000000
[    0.000000] RDX: 0000000000000000 RSI: 0000000000000000 RDI: 0000000000000000
[    0.000000] RBP: ffffffffb21ffa38 R08: 0000000000000000 R09: ffffffffb21ff888
[    0.000000] R10: 0000000000000003 R11: ffffffffb2353128 R12: 0000000000000000
[    0.000000] R13: 0000000000000000 R14: 0000000000000000 R15: 0000000000000065
[    0.000000] FS:  0000000000000000(0000) GS:ffff9d119f400000(0000) knlGS:0000000000000000
[    0.000000] CS:  0010 DS: 0000 ES: 0000 CR0: 0000000080050033
[    0.000000] CR2: ffffffffffffffd6 CR3: 0000000012232001 CR4: 00000000000200b0
[    0.000000] Call Trace:
[    0.000000]  <TASK>
[    0.000000]  ? emergency_restart+0x26/0x30
[    0.000000]  ? panic+0x21f/0x330
[    0.000000]  ? oops_end+0xb2/0xf0
[    0.000000]  ? page_fault_oops+0x187/0x460
[    0.000000]  ? do_user_addr_fault+0x2e3/0x610
[    0.000000]  ? exc_page_fault+0x76/0x160
[    0.000000]  ? asm_exc_page_fault+0x2b/0x30
[    0.000000]  ? efi_reboot+0x3f/0x80
[    0.000000]  ? native_machine_emergency_restart+0x195/0x1e0
[    0.000000]  ? machine_emergency_restart+0x23/0x30
[    0.000000]  ? emergency_restart+0x26/0x30
[    0.000000]  ? panic+0x21f/0x330
[    0.000000]  ? oops_end+0xb2/0xf0
[    0.000000]  ? page_fault_oops+0x187/0x460
[    0.000000]  ? do_user_addr_fault+0x2e3/0x610
[    0.000000]  ? exc_page_fault+0x76/0x160
[    0.000000]  ? asm_exc_page_fault+0x2b/0x30
[    0.000000]  ? efi_reboot+0x3f/0x80
[    0.000000]  ? native_machine_emergency_restart+0x195/0x1e0
[    0.000000]  ? machine_emergency_restart+0x23/0x30
[    0.000000]  ? emergency_restart+0x26/0x30
[    0.000000]  ? panic+0x21f/0x330
[    0.000000]  ? oops_end+0xb2/0xf0
[    0.000000]  ? page_fault_oops+0x187/0x460
[    0.000000]  ? do_user_addr_fault+0x2e3/0x610
[    0.000000]  ? exc_page_fault+0x76/0x160
[    0.000000]  ? asm_exc_page_fault+0x2b/0x30
[    0.000000]  ? efi_reboot+0x3f/0x80
[    0.000000]  ? native_machine_emergency_restart+0x195/0x1e0
[    0.000000]  ? machine_emergency_restart+0x23/0x30
[    0.000000]  ? emergency_restart+0x26/0x30
[    0.000000]  ? panic+0x21f/0x330
[    0.000000]  ? oops_end+0xb2/0xf0
[    0.000000]  ? page_fault_oops+0x187/0x460
[    0.000000]  ? do_user_addr_fault+0x2e3/0x610
[    0.000000]  ? exc_page_fault+0x76/0x160
[    0.000000]  ? asm_exc_page_fault+0x2b/0x30
[    0.000000]  ? efi_reboot+0x3f/0x80
[    0.000000]  ? native_machine_emergency_restart+0x195/0x1e0
[    0.000000]  ? machine_emergency_restart+0x23/0x30
[    0.000000]  ? emergency_restart+0x26/0x30
[    0.000000]  ? panic+0x21f/0x330
[    0.000000]  ? oops_end+0xb2/0xf0
[    0.000000]  ? page_fault_oops+0x187/0x460
[    0.000000]  ? do_user_addr_fault+0x2e3/0x610
[    0.000000]  ? exc_page_fault+0x76/0x160
[    0.000000]  ? asm_exc_page_fault+0x2b/0x30
[    0.000000]  ? efi_reboot+0x3f/0x80
[    0.000000]  ? native_machine_emergency_restart+0x195/0x1e0
[    0.000000]  ? machine_emergency_restart+0x23/0x30
[    0.000000]  ? emergency_restart+0x26/0x30
[    0.000000]  ? panic+0x21f/0x330
[    0.000000]  ? oops_end+0xb2/0xf0
[    0.000000]  ? page_fault_oops+0x187/0x460
[    0.000000]  ? do_user_addr_fault+0x2e3/0x610
[    0.000000]  ? exc_page_fault+0x76/0x160
[    0.000000]  ? asm_exc_page_fault+0x2b/0x30
[    0.000000]  ? efi_reboot+0x3f/0x80
[    0.000000]  ? native_machine_emergency_restart+0x195/0x1e0
[    0.000000]  ? machine_emergency_restart+0x23/0x30
[    0.000000]  ? emergency_restart+0x26/0x30
[    0.000000]  ? panic+0x21f/0x330
[    0.000000]  ? oops_end+0xb2/0xf0
[    0.000000]  ? page_fault_oops+0x187/0x460
[    0.000000]  ? do_user_addr_fault+0x2e3/0x610
[    0.000000]  ? exc_page_fault+0x76/0x160
[    0.000000]  ? asm_exc_page_fault+0x2b/0x30
[    0.000000]  ? efi_reboot+0x3f/0x80
[    0.000000]  ? native_machine_emergency_restart+0x195/0x1e0
[    0.000000]  ? machine_emergency_restart+0x23/0x30
[    0.000000]  ? emergency_restart+0x26/0x30
[    0.000000]  ? panic+0x21f/0x330
[    0.000000]  ? oops_end+0xb2/0xf0
[    0.000000]  ? page_fault_oops+0x187/0x460
[    0.000000]  ? do_user_addr_fault+0x2e3/0x610
[    0.000000]  ? exc_page_fault+0x76/0x160
[    0.000000]  ? asm_exc_page_fault+0x2b/0x30
[    0.000000]  ? efi_reboot+0x3f/0x80
[    0.000000]  ? native_machine_emergency_restart+0x195/0x1e0
[    0.000000]  ? machine_emergency_restart+0x23/0x30
[    0.000000]  ? emergency_restart+0x26/0x30
[    0.000000]  ? panic+0x21f/0x330
[    0.000000]  ? oops_end+0xb2/0xf0
[    0.000000]  ? page_fault_oops+0x187/0x460
[    0.000000]  ? do_user_addr_fault+0x2e3/0x610
[    0.000000]  ? exc_page_fault+0x76/0x160
[    0.000000]  ? asm_exc_page_fault+0x2b/0x30
[    0.000000]  ? efi_reboot+0x3f/0x80
[    0.000000]  ? native_machine_emergency_restart+0x195/0x1e0
[    0.000000]  ? machine_emergency_restart+0x23/0x30
[    0.000000]  ? emergency_restart+0x26/0x30
[    0.000000]  ? panic+0x21f/0x330
[    0.000000]  ? oops_end+0xb2/0xf0
[    0.000000]  ? page_fault_oops+0x187/0x460
[    0.000000]  ? do_user_addr_fault+0x2e3/0x610
[    0.000000]  ? exc_page_fault+0x76/0x160
[    0.000000]  ? asm_exc_page_fault+0x2b/0x30
[    0.000000]  ? efi_reboot+0x3f/0x80
[    0.000000]  ? native_machine_emergency_restart+0x195/0x1e0
[    0.000000]  ? machine_emergency_restart+0x23/0x30
[    0.000000]  ? emergency_restart+0x26/0x30
[    0.000000]  ? panic+0x21f/0x330
[    0.000000]  ? oops_end+0xb2/0xf0
[    0.000000]  ? page_fault_oops+0x187/0x460
[    0.000000]  ? do_user_addr_fault+0x2e3/0x610
[    0.000000]  ? exc_page_fault+0x76/0x160
[    0.000000]  ? asm_exc_page_fault+0x2b/0x30
[    0.000000]  ? efi_reboot+0x3f/0x80
[    0.000000]  ? native_machine_emergency_restart+0x195/0x1e0
[    0.000000]  ? machine_emergency_restart+0x23/0x30
[    0.000000]  ? emergency_restart+0x26/0x30
[    0.000000]  ? panic+0x21f/0x330
[    0.000000]  ? oops_end+0xb2/0xf0
[    0.000000]  ? page_fault_oops+0x187/0x460
[    0.000000]  ? do_user_addr_fault+0x2e3/0x610
[    0.000000]  ? exc_page_fault+0x76/0x160
[    0.000000]  ? asm_exc_page_fault+0x2b/0x30
[    0.000000]  ? efi_reboot+0x3f/0x80
[    0.000000]  ? native_machine_emergency_restart+0x195/0x1e0
[    0.000000]  ? machine_emergency_restart+0x23/0x30
[    0.000000]  ? emergency_restart+0x26/0x30
[    0.000000]  ? panic+0x21f/0x330
[    0.000000]  ? oops_end+0xb2/0xf0
[    0.000000]  ? page_fault_oops+0x187/0x460
[    0.000000]  ? do_user_addr_fault+0x2e3/0x610
[    0.000000]  ? exc_page_fault+0x76/0x160
[    0.000000]  ? asm_exc_page_fault+0x2b/0x30
[    0.000000]  ? efi_reboot+0x3f/0x80
[    0.000000]  ? native_machine_emergency_restart+0x195/0x1e0
[    0.000000]  ? machine_emergency_restart+0x23/0x30
[    0.000000]  ? emergency_restart+0x26/0x30
[    0.000000]  ? panic+0x21f/0x330
[    0.000000]  ? oops_end+0xb2/0xf0
[    0.000000]  ? page_fault_oops+0x187/0x460
[    0.000000]  ? do_user_addr_fault+0x2e3/0x610
[    0.000000]  ? exc_page_fault+0x76/0x160
[    0.000000]  ? asm_exc_page_fault+0x2b/0x30
[    0.000000]  ? efi_reboot+0x3f/0x80
[    0.000000]  ? native_machine_emergency_restart+0x195/0x1e0
[    0.000000]  ? machine_emergency_restart+0x23/0x30
[    0.000000]  ? emergency_restart+0x26/0x30
[    0.000000]  ? panic+0x21f/0x330
[    0.000000]  ? oops_end+0xb2/0xf0
[    0.000000]  ? page_fault_oops+0x187/0x460
[    0.000000]  ? do_user_addr_fault+0x2e3/0x610
[    0.000000]  ? exc_page_fault+0x76/0x160
[    0.000000]  ? asm_exc_page_fault+0x2b/0x30
[    0.000000]  ? efi_reboot+0x3f/0x80
[    0.000000]  ? native_machine_emergency_restart+0x195/0x1e0
[    0.000000]  ? machine_emergency_restart+0x23/0x30
[    0.000000]  ? emergency_restart+0x26/0x30
[    0.000000]  ? panic+0x21f/0x330
[    0.000000]  ? oops_end+0xb2/0xf0
[    0.000000]  ? page_fault_oops+0x187/0x460
[    0.000000]  ? do_user_addr_fault+0x2e3/0x610
[    0.000000]  ? exc_page_fault+0x76/0x160
[    0.000000]  ? asm_exc_page_fault+0x2b/0x30
[    0.000000]  ? efi_reboot+0x3f/0x80
[    0.000000]  ? native_machine_emergency_restart+0x195/0x1e0
[    0.000000]  ? machine_emergency_restart+0x23/0x30
[    0.000000]  ? emergency_restart+0x26/0x30
[    0.000000]  ? panic+0x21f/0x330
[    0.000000]  ? oops_end+0xb2/0xf0
[    0.000000]  ? page_fault_oops+0x187/0x460
[    0.000000]  ? do_user_addr_fault+0x2e3/0x610
[    0.000000]  ? exc_page_fault+0x76/0x160
[    0.000000]  ? asm_exc_page_fault+0x2b/0x30
[    0.000000]  ? efi_reboot+0x3f/0x80
[    0.000000]  ? native_machine_emergency_restart+0x195/0x1e0
[    0.000000]  ? machine_emergency_restart+0x23/0x30
[    0.000000]  ? emergency_restart+0x26/0x30
[    0.000000]  ? panic+0x21f/0x330
[    0.000000]  ? oops_end+0xb2/0xf0
[    0.000000]  ? page_fault_oops+0x187/0x460
[    0.000000]  ? do_user_addr_fault+0x2e3/0x610
[    0.000000]  ? exc_page_fault+0x76/0x160
[    0.000000]  ? asm_exc_page_fault+0x2b/0x30
[    0.000000]  ? efi_reboot+0x3f/0x80
[    0.000000]  ? native_machine_emergency_restart+0x195/0x1e0
[    0.000000]  ? machine_emergency_restart+0x23/0x30
[    0.000000]  ? emergency_restart+0x26/0x30
[    0.000000]  ? panic+0x21f/0x330
[    0.000000]  ? oops_end+0xb2/0xf0
[    0.000000]  ? page_fault_oops+0x187/0x460
[    0.000000]  ? do_user_addr_fault+0x2e3/0x610
[    0.000000]  ? exc_page_fault+0x76/0x160
[    0.000000]  ? asm_exc_page_fault+0x2b/0x30
[    0.000000]  ? efi_reboot+0x3f/0x80
[    0.000000]  ? native_machine_emergency_restart+0x195/0x1e0
[    0.000000]  ? machine_emergency_restart+0x23/0x30
[    0.000000]  ? emergency_restart+0x26/0x30
[    0.000000]  ? panic+0x21f/0x330
[    0.000000]  ? oops_end+0xb2/0xf0
[    0.000000]  ? page_fault_oops+0x187/0x460
[    0.000000]  ? do_user_addr_fault+0x2e3/0x610
[    0.000000]  ? exc_page_fault+0x76/0x160
[    0.000000]  ? asm_exc_page_fault+0x2b/0x30
[    0.000000]  ? efi_reboot+0x3f/0x80
[    0.000000]  ? native_machine_emergency_restart+0x195/0x1e0
[    0.000000]  ? machine_emergency_restart+0x23/0x30
[    0.000000]  ? emergency_restart+0x26/0x30
[    0.000000]  ? panic+0x21f/0x330
[    0.000000]  ? oops_end+0xb2/0xf0
[    0.000000]  ? page_fault_oops+0x187/0x460
[    0.000000]  ? do_user_addr_fault+0x2e3/0x610
[    0.000000]  ? exc_page_fault+0x76/0x160
[    0.000000]  ? asm_exc_page_fault+0x2b/0x30
[    0.000000]  ? efi_reboot+0x3f/0x80
[    0.000000]  ? native_machine_emergency_restart+0x195/0x1e0
[    0.000000]  ? machine_emergency_restart+0x23/0x30
[    0.000000]  ? emergency_restart+0x26/0x30
[    0.000000]  ? panic+0x21f/0x330
[    0.000000]  ? oops_end+0xb2/0xf0
[    0.000000]  ? page_fault_oops+0x187/0x460
[    0.000000]  ? do_user_addr_fault+0x2e3/0x610
[    0.000000]  ? exc_page_fault+0x76/0x160
[    0.000000]  ? asm_exc_page_fault+0x2b/0x30
[    0.000000]  ? efi_reboot+0x3f/0x80
[    0.000000]  ? native_machine_emergency_restart+0x195/0x1e0
[    0.000000]  ? machine_emergency_restart+0x23/0x30
[    0.000000]  ? emergency_restart+0x26/0x30
[    0.000000]  ? panic+0x21f/0x330
[    0.000000]  ? oops_end+0xb2/0xf0
[    0.000000]  ? die+0x83/0x90
[    0.000000]  ? do_trap+0xc8/0xe0
[    0.000000]  ? do_error_trap+0x73/0xa0
[    0.000000]  ? its_return_thunk+0x10/0x10
[    0.000000]  ? exc_divide_error+0x3e/0x60
[    0.000000]  ? its_return_thunk+0x10/0x10
[    0.000000]  ? asm_exc_divide_error+0x1f/0x30
[    0.000000]  ? its_return_thunk+0x10/0x10
[    0.000000]  ? start_kernel+0x345/0x790
[    0.000000]  ? x86_64_start_reservations+0x25/0x40
[    0.000000]  ? x86_64_start_kernel+0x7f/0x80
[    0.000000]  ? secondary_startup_64_no_verify+0x17d/0x18b
[    0.000000]  </TASK>
[    0.000000] Modules linked in:
[    0.000000] CR2: 0000000000000000
[    0.000000] ---[ end trace 0000000000000000 ]---
[    0.000000] RIP: 0010:__x86_return_thunk+0x0/0x10
[    0.000000] Code: cc cc cc cc cc cc cc cc cc cc cc cc cc cc cc cc cc cc cc cc cc cc cc cc cc cc c3 cc 66 66 2e 0f 1f 84 00 00 00 00 00 0f 1f 00 <c3> cc cc cc cc cc cc cc cc cc cc cc cc cc cc cc e9 cb 2a f8 fe 0f
[    0.000000] RSP: 0000:ffffffffb2203ee0 EFLAGS: 00000246
[    0.000000] RAX: 0000000000000046 RBX: ffffffffb26b0020 RCX: 0000000000000020
[    0.000000] RDX: 0000000000000f80 RSI: ffff9d119feb8400 RDI: 0000000000000000
[    0.000000] RBP: ffffffffb2203f18 R08: 0000000000000001 R09: 0000000000000000
[    0.000000] R10: 0000000000000f80 R11: ffff9d119feb3b40 R12: 0000000000000000
[    0.000000] R13: 0000000000000000 R14: 0000000000000000 R15: 0000000000010000
[    0.000000] FS:  0000000000000000(0000) GS:ffff9d119f400000(0000) knlGS:0000000000000000
[    0.000000] CS:  0010 DS: 0000 ES: 0000 CR0: 0000000080050033
[    0.000000] CR2: ffffffffffffffd6 CR3: 0000000012232001 CR4: 00000000000200b0
[    0.000000] Kernel panic - not syncing: Fatal exception
[    0.000000] BUG: kernel NULL pointer dereference, address: 0000000000000000
[    0.000000] #PF: supervisor instruction fetch in kernel mode
[    0.000000] #PF: error_code(0x0010) - not-present page
[    0.000000] PGD 0 P4D 0 
[    0.000000] Thread overran stack, or stack corrupted
[    0.000000] Oops: 0010 [#27] PREEMPT SMP PTI
[    0.000000] CPU: 0 PID: 0 Comm: swapper/0 Tainted: G      D            6.6.114.1-microsoft-standard-WSL2 #1
[    0.000000] RIP: 0010:0x0
[    0.000000] Code: Unable to access opcode bytes at 0xffffffffffffffd6.
[    0.000000] RSP: 0000:ffffffffb21ff770 EFLAGS: 00010046
[    0.000000] RAX: 0000000000000000 RBX: ffffffffb194fae1 RCX: 0000000000000000
[    0.000000] RDX: 0000000000000000 RSI: 0000000000000000 RDI: 0000000000000000
[    0.000000] RBP: ffffffffb21ff778 R08: 0000000000000000 R09: ffffffffb21ff5c8
[    0.000000] R10: 0000000000000003 R11: ffffffffb2353128 R12: 0000000000000000
[    0.000000] R13: 0000000000000000 R14: 0000000000000000 R15: 0000000000000065
[    0.000000] FS:  0000000000000000(0000) GS:ffff9d119f400000(0000) knlGS:0000000000000000
[    0.000000] CS:  0010 DS: 0000 ES: 0000 CR0: 0000000080050033
[    0.000000] CR2: ffffffffffffffd6 CR3: 0000000012232001 CR4: 00000000000200b0
[    0.000000] Call Trace:
[    0.000000]  <TASK>
[    0.000000]  ? emergency_restart+0x26/0x30
[    0.000000]  ? panic+0x21f/0x330
[    0.000000]  ? oops_end+0xb2/0xf0
[    0.000000]  ? page_fault_oops+0x187/0x460
[    0.000000]  ? do_user_addr_fault+0x2e3/0x610
[    0.000000]  ? exc_page_fault+0x76/0x160
[    0.000000]  ? asm_exc_page_fault+0x2b/0x30
[    0.000000]  ? efi_reboot+0x3f/0x80
[    0.000000]  ? native_machine_emergency_restart+0x195/0x1e0
[    0.000000]  ? machine_emergency_restart+0x23/0x30
[    0.000000]  ? emergency_restart+0x26/0x3